TweetsData/MoneyUnder30.csv;2018-05-04 09:00;0;1;"Finding #cable alternatives is a great way to easily #save #money every month. https://www. moneyunder30.com/youtube-tv-the -new-best-cable-alternative?utm_source=twitter&utm_medium=posts&utm_campaign=twitter-posts&utm_content=yt-tv …"
TweetsData/MoneyUnder30.csv;2018-05-04 09:00;0;0;"Finding #cable alternatives is a great way to easily #save #money every month. https://www. moneyunder30.com/youtube-tv-the -new-best-cable-alternative?utm_source=twitter&utm_medium=posts&utm_campaign=twitter-posts&utm_content=yt-tv …"
TweetsData/MoneyUnder30.csv;2018-05-03 09:00;0;0;"Where is #bitcoin going? https://www. moneyunder30.com/future-of-bitc oin?utm_source=twitter&utm_medium=posts&utm_campaign=twitter-posts&utm_content=hodl-bitcoin … #hodl #money #tips"
TweetsData/MoneyUnder30.csv;2018-05-02 09:00;2;5;"It's never to early to start budgeting! https://www. moneyunder30.com/budgeting-for- teens?utm_source=twitter&utm_medium=posts&utm_campaign=twitter-posts&utm_content=budget-teens … #budget #money #teens #college"
TweetsData/MoneyUnder30.csv;2018-05-01 09:00;0;0;"What are the best #tips to make the most of your #employment ? https://www. moneyunder30.com/aprils-reddit- challenge?utm_source=twitter&utm_medium=posts&utm_campaign=twitter-posts&utm_content=reddit-april … #jobs #money"
TweetsData/MoneyUnder30.csv;2018-04-30 09:00;0;1;"Who's up for a mini-retirement? https://www. moneyunder30.com/how-to-take-a- mini-retirement-and-why-you-should?utm_source=twitter&utm_medium=posts&utm_campaign=twitter-posts&utm_content=mini-retirement … #retirement #money #budget"
TweetsData/MoneyUnder30.csv;2018-04-27 09:00;0;2;"It's not the price, it's the thought that counts. https://www. moneyunder30.com/cheap-unique-m others-day-gifts?utm_source=twitter&utm_medium=posts&utm_campaign=twitter-posts&utm_content=mothers-day … #MothersDay #budget #gifts #money #MothersDayGifts"
TweetsData/MoneyUnder30.csv;2018-04-26 09:00;0;2;"Finding yourself short of #cash ? It's time to look into a side hustle https://www. moneyunder30.com/side-hustle-wh y-not-11145?utm_source=facebook&utm_medium=posts&utm_campaign=facebook-posts&utm_content=side-hustle … #sidehustle #money #job"
TweetsData/MoneyUnder30.csv;2018-04-25 09:00;0;2;"Calling all #book lovers! What's the best book subscription for your budget? https://www. moneyunder30.com/online-subscri ptions-for-buying-books … #books #amazon #paperback #money #budget"
TweetsData/MoneyUnder30.csv;2018-04-24 09:00;0;1;"You may not even realize you are putting yourself at risk. https://www. moneyunder30.com/seven-signs-ri sk-identity-theft?utm_source=twitter&utm_medium=posts&utm_campaign=twitter-posts&utm_content=id-theft … #IDtheft #risk #money #safety"
TweetsData/MoneyUnder30.csv;2018-04-23 23:09;0;2;"We are loving @glamourmag #money issue! @samanthabarry wants to reshape women's relationship with money and we are here for it! What are your biggest money secrets? https:// twitter.com/glamourmag/sta tus/988410499225325568 …"
TweetsData/MoneyUnder30.csv;2018-04-23 09:00;0;0;"So what is good and what is bad #debt https://www. moneyunder30.com/good-debt-vs-b ad-debt?utm_source=twitter&utm_medium=posts&utm_campaign=twitter-posts&utm_content=good-v-bad … #money"
TweetsData/MoneyUnder30.csv;2018-04-20 09:00;1;2;"Just because you are young doesn't mean you can't save for #college Here's how https://www. moneyunder30.com/7-tips-on-savi ng-for-college-as-a-teen?utm_source=twitter&utm_medium=posts&utm_campaign=twitter-posts&utm_content=saving-college … #tips #money #teens #university"
TweetsData/MoneyUnder30.csv;2018-04-19 09:00;0;0;"Yes, your #parents can help you raise your #credit score! https://www. moneyunder30.com/how-family-can -help-build-your-credit … #family #finance #money #creditcards"
TweetsData/MoneyUnder30.csv;2018-04-18 09:00;1;0;"Keep ALL your #receipts https://www. moneyunder30.com/7-side-hustle- accounting-mistakes-to-avoid?utm_source=twitter&utm_medium=posts&utm_campaign=twitter-posts&utm_content=side-hustle … #money #tips #sidehustle"
TweetsData/MoneyUnder30.csv;2018-04-16 09:00;0;1;"What happens you realize you've bought your third version of black #flats . https://www. moneyunder30.com/retailers-with -the-best-and-worst-return-policies?utm_source=twitter&utm_medium=posts&utm_campaign=twitter-posts&utm_content=return … #return #shopping #nordstrom #zappos #amazon"
TweetsData/MoneyUnder30.csv;2018-04-11 09:00;1;1;"If you are a #teen and want to #work you must know your #rights . https://www. moneyunder30.com/important-empl oyee-rights-teens-should-know?utm_source=twitter&utm_medium=posts&utm_campaign=twitter-posts&utm_content=teen-rights … #moneywellunder30 #teens #rights #employment"
TweetsData/MoneyUnder30.csv;2018-04-07 09:00;1;0;"The #tax deadline is fast approaching but don't panic! https://www. moneyunder30.com/arrange-an-irs -payment-plan?utm_source=facebook&utm_medium=posts&utm_campaign=facebook-posts&utm_content=taxes-irs … #taxes #irs #US #money"
TweetsData/MoneyUnder30.csv;2018-04-06 09:00;0;1;"Who will gain and who will lose? Let us know what you think!. https://www. moneyunder30.com/spending-bill? utm_source=facebook&utm_medium=posts&utm_campaign=facebook-posts&utm_content=trump-tax-2 … #taxes #trump #spending #budget #USA #money"
TweetsData/MoneyUnder30.csv;2018-04-04 22:20;0;0;"#Cheap and beautiful, what more could you ask for in a travel destination? We've uncovered the top 10 destinations in the #US , what's your favorite? Read more about your next #travel destination: http:// bit.ly/2q7wg7g pic.twitter.com/NAoXcmtVfm"
TweetsData/MoneyUnder30.csv;2018-04-04 09:00;0;0;"We've got your tips for the best way to build a #CDladder . Do you all use this method? Read more about CD Ladders: http:// bit.ly/2q7oVpt #tips #money #finance pic.twitter.com/Xl6AmhgKjt"
TweetsData/MoneyUnder30.csv;2018-04-03 09:00;1;0;"But it's usually only temporary. https://www. moneyunder30.com/how-do-balance -transfer-credit-cards-affect-your-credit-score?utm_source=twitter&utm_medium=posts&utm_campaign=twitter-posts&utm_content=balance-transfer … #balancetransfer #money #tips"
TweetsData/MoneyUnder30.csv;2018-04-02 21:00;1;4;"We got this https://www. moneyunder30.com/why-women-owne d-businesses-succeed?utm_source=twitter&utm_medium=posts&utm_campaign=twitter-posts&utm_content=women-business … #women #bussines #GirlBoss #womenintech #money"
TweetsData/MoneyUnder30.csv;2018-03-30 09:00;2;7;"We've uncovered some of this beautiful country's best-hidden travel gems. And they're #cheap too! Check out our list and let us know what your favorite #destination is! https://www. moneyunder30.com/top-ten-cheap- hidden-travel-destinations-in-the-us?utm_source=twitter&utm_medium=posts&utm_campaign=twitter-posts&utm_content=hidden-travel … #travel #UStravel #cheaptravel #hiddendestinations #money"
TweetsData/MoneyUnder30.csv;2018-03-29 09:00;3;1;"Saving money is easier than you think. https://www. moneyunder30.com/how-to-save-mo ney-fast?utm_source=twitter&utm_medium=posts&utm_campaign=twitter-posts&utm_content=save-money … #money #saving #bonus"
TweetsData/MoneyUnder30.csv;2018-03-28 09:00;0;3;"Because yes, you deserve more! https://www. moneyunder30.com/best-salary-ne gotiation-tactics?utm_source=twitter&utm_medium=posts&utm_campaign=twitter-posts&utm_content=salary … #salary #job #career #negotiations #money"
TweetsData/MoneyUnder30.csv;2018-03-27 09:00;3;2;"You don't really need that 4 bedroom home. https://www. moneyunder30.com/how-to-buy-a-h ouse-or-condo-immediately-after-college?utm_source=facebook&utm_medium=posts&utm_campaign=facebook-posts&utm_content=starter-home … #money #home #college #realestate"
TweetsData/MoneyUnder30.csv;2018-03-26 09:00;1;0;"Are you up for the #challenge ? Who's already filed their taxes? https://www. moneyunder30.com/march-reddit-c hallege-file-your-tax-return-early?utm_source=twitter&utm_medium=posts&utm_campaign=twitter-posts&utm_content=reddit-taxes … #taxes #filing #money #taxreturn #reddit"
TweetsData/MoneyUnder30.csv;2018-03-23 09:00;1;1;"Should you be looking for this unicorn? https://www. moneyunder30.com/can-rent-contr ol-keep-your-rent-costs-low?utm_source=twitter&utm_medium=posts&utm_campaign=twitter-posts&utm_content=rent … #rentcontrol #rent #housing #nyc #DC #LA #realestate #money"
TweetsData/MoneyUnder30.csv;2018-03-22 10:00;1;0;"No, just no. https://www. moneyunder30.com/reasons-to-avo id-store-branded-credit-cards?utm_source=twitter&utm_medium=posts&utm_campaign=twitter-posts&utm_content=stores … #money #creditcards #tips"
TweetsData/MoneyUnder30.csv;2018-03-21 10:00;0;1;"Make the most out your rewards! Find out the best value for the #card that fits you https://www. moneyunder30.com/which-rewards- points-and-miles-are-worth-the-most?utm_source=twitter&utm_medium=posts&utm_campaign=twitter-posts&utm_content=rewards … #creditcards #money #rewards #cashback"
TweetsData/MoneyUnder30.csv;2018-03-19 22:00;0;0;"How to save for an experience of a lifetime https://www. moneyunder30.com/study-abroad-t ips-will-save-money?utm_source=facebook&utm_medium=posts&utm_campaign=facebook-posts&utm_term=study-abroad&utm_content=18.3.18 … #studyabroad #travel #student #money #save"
TweetsData/MoneyUnder30.csv;2018-03-16 10:00;0;1;"Here's how to lower your #stress and pay less on your #mortgage https://www. moneyunder30.com/ways-to-lower- your-mortgage-payment?utm_source=facebook&utm_medium=posts&utm_campaign=facebook-posts&utm_term=mortgage&utm_content=15.3.18 … #payments #money #realestate"
TweetsData/MoneyUnder30.csv;2018-03-15 10:00;0;1;"Is the old school method is the best method? https://www. moneyunder30.com/envelope-metho d?utm_source=twitter&utm_medium=posts&utm_campaign=twitter-posts&utm_term=envelope&utm_content=14.3.18 … #envelope #budget #money"
TweetsData/MoneyUnder30.csv;2018-03-12 10:00;0;1;"Why should you work for free? https://www. moneyunder30.com/the-benefits-o f-an-unpaid-internship … #free #internship #work #college"
TweetsData/MoneyUnder30.csv;2018-03-09 10:00;1;0;"For #InternationalWomensDay we wanted to cover an issue that affects #Women all over the world: the #GenderPayGap . We wanted to see how far we've come and what we still need to do to #ClosetheGap . What are your thoughts about the pay gap? https://www. moneyunder30.com/the-gender-pay -gap-in-the-21st-century?utm_source=twitter&utm_medium=posts&utm_campaign=twitter-posts&utm_term=gender-pay&utm_content=8.3.18 … #WomensDay"
TweetsData/MoneyUnder30.csv;2018-03-08 10:00;0;0;"Should I do that master's I've contemplating? https://www. moneyunder30.com/should-you-go- back-to-school-as-an-adult?utm_source=twitter&utm_medium=posts&utm_campaign=twitter-posts&utm_term=school&utm_content=7.3.18 … #BA #MA #university #school #money"
TweetsData/MoneyUnder30.csv;2018-03-06 10:00;1;0;"When is it worth the extra splurge? https://www. moneyunder30.com/when-is-an-all -inclusive-vacation-cheaper?utm_source=twitter&utm_medium=posts&utm_campaign=twitter-posts&utm_term=travel-all&utm_content=5.3.18 … #travel #DominicanRepublic #springbreak #allinclusive #cheap"
TweetsData/MoneyUnder30.csv;2018-03-02 10:00;2;0;"You will have to pay according to what #content you want. https://www. moneyunder30.com/net-neutrality -repeal?utm_source=twitter&utm_medium=posts&utm_campaign=twitter-posts&utm_term=net&utm_content=1.3.18 … #NetNeutrality #money #budget"
TweetsData/MoneyUnder30.csv;2018-03-01 10:01;1;2;"Struggling to save #money ? We feel you. Here are the tips you need to help you start #adulting . Read the best tips for saving: https://www. moneyunder30.com/saving-money-a s-a-college-student?utm_source=twitter&utm_medium=posts&utm_campaign=twitter-posts&utm_term=college-vid&utm_content=28.2.18 … #college #studentloans #students pic.twitter.com/8mAlB4WNJj"
TweetsData/MoneyUnder30.csv;2018-02-28 10:00;0;0;"Who doesn't want to catch some sun in #Mexico this #springbreak ? Here are the best ways you can #Save https://www. moneyunder30.com/tips-for-stude nts-to-save-for-spring-break?utm_source=twitter&utm_medium=posts&utm_campaign=twittter-posts&utm_term=spring&utm_content=27.2.18 … #student #college #travel"
TweetsData/MoneyUnder30.csv;2018-02-27 22:44;1;0;"How do you think the #Trump tax bill will affect you? Read more about this bill and what it means: https://www. moneyunder30.com/trumps-new-tax -bill?utm_source=facebook&utm_medium=posts&utm_campaign=facebook-posts&utm_term=poll&utm_content=27.2.18 … #tax"
TweetsData/MoneyUnder30.csv;2018-02-27 05:00;1;2;"#Cash vs. #credit - which is better? One Redditor changed his spending habits and these were his results https://www. moneyunder30.com/cash-vs-credit ?utm_source=twitter&utm_medium=posts&utm_campaign=twitter-posts&utm_term=cash-vs-credit&utm_content=25.2.18 … #selfexperiment #reddit #spending #money"
TweetsData/MoneyUnder30.csv;2018-02-26 10:00;1;1;"DON'T touch it! Here are ways to make sure that happens https://www. moneyunder30.com/make-your-savi ngs-account-untouchable?utm_source=twitter&utm_medium=posts&utm_campaign=twitter-posts&utm_term=savings&utm_content=25.2.18 … #savings #money #creditcards"
TweetsData/MoneyUnder30.csv;2018-02-24 10:00;2;0;"Does building your home save you money? https://www. moneyunder30.com/is-it-cheaper- to-build-your-own-home-than-buy-one?utm_source=twitter&utm_medium=posts&utm_campaign=twitter-posts&utm_term=home&utm_content=23.2.18 … #money #HomeImprovement #house #realestate"
TweetsData/MoneyUnder30.csv;2018-02-23 10:00;0;2;"Don't freak out, and here's why https://www. moneyunder30.com/ignore-the-sto ck-market?utm_source=twitter&utm_medium=posts&utm_campaign=twitter-posts&utm_term=stock&utm_content=22.2.18 … #stockmarket #crash #RoboAdvisors #investing"
TweetsData/MoneyUnder30.csv;2018-02-22 07:00;0;1;"If you're going to invest in #crypto , at least be informed. Check out our list of the top alternatives to #Bitcoin . https://www. moneyunder30.com/alternatives-t o-bitcoin?utm_source=twitter&utm_medium=posts&utm_campaign=twitter-posts&utm_term=bitcoin&utm_content=21.2.18 … #cryptocurrency #litecoin"
TweetsData/MoneyUnder30.csv;2018-02-21 10:00;0;0;"Here's how to get a #loan that best fits YOUR needs with @evenfinancial https://www. moneyunder30.com/even-financial -review?utm_source=twitter&utm_medium=posts&utm_campaign=twitter-posts&utm_term=even&utm_content=20.2.18 … #money #evenfinancial #loans #personalized"
TweetsData/MoneyUnder30.csv;2018-02-19 23:04;0;1;"Which #US #president got a speeding ticket for riding on a horse? And more crazy facts for #PresidentsDay https://www. moneyunder30.com/surprising-fac ts-about-presidents-money?utm_source=twitter&utm_medium=posts&utm_campaign=twitter-posts&utm_term=p-day&utm_content=19.2.18 … #facts #money #usa"
TweetsData/MoneyUnder30.csv;2018-02-19 10:00;0;0;"We challenged ourselves to improve our interest, how'd we do and what did we learn? https://www. moneyunder30.com/improve-your-i nterest-rates … #challenge #interest #reddit #credit #money"
TweetsData/MoneyUnder30.csv;2018-02-16 10:00;0;0;"Is it worth it? https://www. moneyunder30.com/living-with-yo ur-parents?utm_source=twitter&utm_medium=posts&utm_campaign=twitter-posts&utm_term=parents&utm_content=15.2.18 … #parents #budget #finance #house"
TweetsData/MoneyUnder30.csv;2018-02-14 23:43;1;0;"You don't need to break the #bank on Valentine's day! <3 Here are our best tips for saving #money on #flowers . Happy #ValentinesDay ! https://www. moneyunder30.com/save-money-on- sending-flowers?utm_source=twitter&utm_medium=posts&utm_campaign=twitter-posts&utm_term=flower&utm_content=14.2.18 …"
TweetsData/MoneyUnder30.csv;2018-02-14 10:00;0;1;"Don't worry we tell you how to get past that pesky #rule . https://www. moneyunder30.com/chase-524?utm_ source=facebook&utm_medium=posts&utm_campaign=facebook-posts&utm_term=524&utm_content=13.2.18 … #chase #creditcards"
TweetsData/MoneyUnder30.csv;2018-02-13 10:00;0;1;"Selling your #ovaries ? https://www. moneyunder30.com/extreme-ways-t o-pay-off-student-loans-2?utm_source=twitter&utm_medium=posts&utm_campaign=twitter-posts&utm_term=pay-off&utm_content=12.2.18 … #student #college #debts #studentloans"
TweetsData/MoneyUnder30.csv;2018-02-12 10:00;1;1;"What tips do budding #entrepreneurs need to know about their #finances ? https://www. entrepreneur.com/article/308205"
TweetsData/MoneyUnder30.csv;2018-02-12 05:00;0;1;"#ValentinesDay is coming up and we the top #budget -friendly #gifts for you! <3 https://www. moneyunder30.com/budget-friendl y-gift-ideas-for-valentines-day …"
TweetsData/MoneyUnder30.csv;2018-02-10 06:00;0;0;"Thinking of buying a #lab -grown #diamond to save #money ? Think again. https://www. moneyunder30.com/lab-grown-vs-n atural-diamonds … #engagement #diamondring"
TweetsData/MoneyUnder30.csv;2018-02-10 00:09;0;1;"Glad you like it!"
TweetsData/MoneyUnder30.csv;2018-02-09 05:00;1;2;"We answer the question everyone wants to know: How much do athletes actually earn? https://www. moneyunder30.com/how-much-do-ol ympic-athletes-earn-unless-youre-michael-phelps-not-enough … #Olympics2018 #PyeongChang2018 #athletes #sports #wintersports"
TweetsData/MoneyUnder30.csv;2018-02-08 10:00;0;1;"It's SO much less overwhelming! https://www. moneyunder30.com/need-help-with -your-budget-try-a-weekly-budget … #week #budget #financetips #money"
TweetsData/MoneyUnder30.csv;2018-02-08 05:00;1;2;"The #stockmarket has gone down but don't panic! Here's why: https://www. moneyunder30.com/what-to-do-aft er-a-stock-market-crash … #stockmarket #crash #dowjones #stocks #money"
TweetsData/MoneyUnder30.csv;2018-02-07 10:00;0;0;"It seems as if #Alexa can do everything... but is this good? https://www. moneyunder30.com/should-you-get -your-alexa-credit-score … #amazon #credit #creditscore"
TweetsData/MoneyUnder30.csv;2018-02-06 10:00;0;1;"Get inspired with these #cheap #date ideas for #ValentinesDay <3 https://www. moneyunder30.com/fun-cheap-date -ideas … #love #dating #relationship"
TweetsData/MoneyUnder30.csv;2018-02-05 06:00;0;0;"How much would going to the #Superbowl really cost? Will you be rooting for the #Eagles or the #Patriots ? https://www. moneyunder30.com/how-to-get-to- the-super-bowl-on-a-budget … #football"
TweetsData/MoneyUnder30.csv;2018-02-04 10:00;0;0;"Moderator over here Which are you? https://www. moneyunder30.com/are-you-an-abs tainer-or-moderator … #money #tips #abstainer #moderator"
TweetsData/MoneyUnder30.csv;2018-02-03 10:00;0;0;"But what are 100% stocks? https://www. moneyunder30.com/100-stocks-unt il-youre-40 … #stocks #investment #money"
TweetsData/MoneyUnder30.csv;2018-02-02 10:00;1;2;"Beat the at their own game, you say? https://www. moneyunder30.com/how-to-beat-th e-credit-card-companies … #creditcard #interest #bonus #money #tips"
TweetsData/MoneyUnder30.csv;2018-01-31 10:00;1;2;"You're not alone and there are solutions to these issues! https://www. inc.com/yoav-vilner/6- financial-challenges-that-young-entrepreneurs-face.html … #Entrepreneurs #millennial #business #credit"
TweetsData/MoneyUnder30.csv;2018-01-30 23:52;0;0;"How does my #spouse 's #credits affect me? https://www. moneyunder30.com/couples-credit #creditcard #debt #money #tips"
TweetsData/MoneyUnder30.csv;2018-01-30 10:00;0;0;"Be smart about where and when you exchange currencies, this can save you loads! https://www. moneyunder30.com/tips-for-trave ling-abroad … #Travel #money #currency #exchange #dollars #euros"
TweetsData/MoneyUnder30.csv;2018-01-29 10:00;0;2;"Who doesn't have #travellust ? #Travel on a #Budget with these travel #hacks ! http://www. harpersbazaar.com/uk/travel/a158 68189/best-hotel-hacks/ …"
TweetsData/MoneyUnder30.csv;2018-01-27 10:00;0;1;"Save #money while doing the most your most basic chore https://www. moneyunder30.com/best-gas-credi t-cards … #gas #car #creditcard"
TweetsData/MoneyUnder30.csv;2018-01-26 10:00;0;3;"There's been a lot of talk about #Trump 's new tax plan but what does it mean for us? https://www. moneyunder30.com/trumps-new-tax -bill … #tax #republican #money"
TweetsData/MoneyUnder30.csv;2018-01-25 10:00;0;0;"Would you want to go a #crypto cruise? https:// twitter.com/business/statu s/956085554319257600 … #cryptocurrency #travel #cruise #bitcoin"
TweetsData/MoneyUnder30.csv;2018-01-24 10:00;0;1;"There are plenty of benefits to getting a business #creditcard ! See which one is right for you. https://www. moneyunder30.com/business-accou nts-for-freelancers-and-side-hustlers … #sidehustle #business #freelance"
TweetsData/MoneyUnder30.csv;2018-01-19 10:00;0;0;"There are ways to manage your debt and lower it! https://www. moneyunder30.com/national-credi t-card-debt-reaches-record-high … #debt #USA #creditcards"
TweetsData/MoneyUnder30.csv;2018-01-18 10:00;2;1;"There are many benefits to going to grad school but how can we afford it?? https://www. moneyunder30.com/paying-for-gra duate-school … #graduateschool #MBA #university #students #gradschool"
TweetsData/MoneyUnder30.csv;2018-01-17 10:00;0;2;"Who else gets #FOMO when their friends are going out? https://www. moneyunder30.com/how-your-frien ds-affect-your-finances-and-your-career … #money #saving #friends #Finance"
TweetsData/MoneyUnder30.csv;2018-01-16 10:00;0;3;"We tested if #Fiverr is really worth it, even if it doesn't cost $5. Read our best #tips for using Fiverr https://www. moneyunder30.com/fiverr-is-it-s till-worth-it … #money #saving #freelance"
TweetsData/MoneyUnder30.csv;2018-01-15 10:00;2;0;"Want to try your hand at #Bitcoin ? Here are the best ways to get #started https://www. moneyunder30.com/how-do-you-buy -bitcoin-a-beginners-guide-to-buying-and-selling-bitcoin … #guide #investment #cryptocurrency #money"
TweetsData/MoneyUnder30.csv;2018-01-12 10:00;0;2;"There's a lot of buzz about Lemonade Insurance, so we put it to the test. Here's what we thought https://www. moneyunder30.com/lemonade-insur ance-review … #insurance #lemonade #p2p"
TweetsData/MoneyUnder30.csv;2018-01-11 10:00;0;1;"It's time to start the year off right! Don't worry, we've made it easy for you to find the best card https://www. moneyunder30.com/best-credit-ca rd-young-adults … #creditcard #Millennials #finance #money"
TweetsData/MoneyUnder30.csv;2018-01-09 23:03;1;3;"Always have an #emergency fund! And more excellent #budgeting tips: https://www. moneyunder30.com/realistic-budg et … #budget #money #save pic.twitter.com/RC1v2r8QUO"
TweetsData/MoneyUnder30.csv;2018-01-09 10:00;2;2;"Stay #warm but don't break the bank! https://www. moneyunder30.com/save-this-wint er … #winter #BombCyclone #money"
TweetsData/MoneyUnder30.csv;2018-01-08 10:00;1;3;"#Investing made easy! What we all like to hear. https://www. moneyunder30.com/robo-advisors #money #invest #finance #roboadvisor"
TweetsData/MoneyUnder30.csv;2018-01-05 05:00;2;2;"If you have been affected, you may be able to qualify for #Relief https://www. moneyunder30.com/natural-disast er-tax-relief … #naturaldisaster #hurricane #tornado"
TweetsData/MoneyUnder30.csv;2018-01-04 10:00;0;1;"What were our favorite posts of #2017 https://www. moneyunder30.com/our-favorite-p osts-of-2017 … #yearinreview #newyear #money #finance"
TweetsData/MoneyUnder30.csv;2018-01-03 10:00;0;4;"And save a TON of #money on the way... https://www. moneyunder30.com/how-to-sell-yo ur-house-by-owner-yourself-without-realtor … #money #saving #tips #finance"
TweetsData/MoneyUnder30.csv;2018-01-02 10:00;1;2;"#January 1st is the perfect time to start building your #credit . Here are the only tips you need to get started #HappyNewYear https://www. moneyunder30.com/build-credit-f rom-nothing … #starting2018 #welcometo2018"
TweetsData/MoneyUnder30.csv;2018-01-01 08:00;1;2;"I solemnly swear I will start saving in 2018. Read the #resolutions you need to kick off #2018 with a bang https://www. moneyunder30.com/best-money-adv ice-for-the-new-year … #money #finance #newyear"
TweetsData/MoneyUnder30.csv;2017-12-29 10:00;0;2;"Take a deep breath, we're with you the whole way. Here's a step by step #guide on how to best manage your #money : https://www. moneyunder30.com/how-to-make-a- budget … #2018 #budget #finance"
TweetsData/MoneyUnder30.csv;2017-12-28 10:00;2;0;"We ranked the best cars of #2017 for #millennials . @Toyota @ChevyTrucks @MazdaUSA @Volkswagen @Hyundai and @Kia topped our list. Which #car will you be #driving ? https://www. moneyunder30.com/2017-millennia l-car-of-the-year-awards …"
TweetsData/MoneyUnder30.csv;2017-12-27 10:00;0;0;"Looking how to help your #parents this holiday season ? These unconventional ideas are great ways to help out your loved ones https://www. moneyunder30.com/sandwich-gener ation-how-to-help-aging-parents … #DayAfterChristmas #HolidaySpirit #givingback"
TweetsData/MoneyUnder30.csv;2017-12-27 03:00;0;0;"Would you try this to save #money ?? https://www. youtube.com/watch?v=JdnPKM eN-pQ … #freegan #dumpsterdiving #groceries #finance"
TweetsData/MoneyUnder30.csv;2017-12-26 03:00;0;0;"#MerryChristmasEveryone !!! Wishing you and your loved ones a merry #Christmas filled with lots of love. <3 From the Money Under 30 Family pic.twitter.com/tzpNqPIi9d"
TweetsData/MoneyUnder30.csv;2017-12-25 05:00;0;0;"Have some last minute #shopping to do? Get inspired by these easy and cheap gift ideas http:// bit.ly/2BZmSIv #christmas #shopping #gifts #lastminute #theoffice pic.twitter.com/F6Nydt98sw"
TweetsData/MoneyUnder30.csv;2017-12-24 23:46;1;1;"Definitely, an interesting suggestion! We've written all about the things you need to know about #bitcoin here: https://www. moneyunder30.com/top-10-things- you-need-to-know-about-bitcoin …"
TweetsData/MoneyUnder30.csv;2017-12-24 23:45;5;3;"Thanks @businessinsider for featuring us! https:// twitter.com/businessinside r/status/944953513452457984 …"
TweetsData/MoneyUnder30.csv;2017-12-23 23:00;1;0;"Looking for last-minute #christmas accommodations?? Check out which short-term rental company is best https://www. moneyunder30.com/airbnb-alterna tives-how-short-term-rental-sites-compare … #airbnb #rental #holidayseason #finance"
TweetsData/MoneyUnder30.csv;2017-12-23 06:00;2;1;"Making good on your promise to move to #Canada in #2017? Here's what you need to know https://www. moneyunder30.com/moving-to-cana da-start-with-these-steps-to-set-up-your-financial-life … #finance #money"
TweetsData/MoneyUnder30.csv;2017-12-20 23:25;1;0;"End of year #evaluations are coming up! Here's the 5 tips you need to know now https://www. moneyunder30.com/how-to-prepare -for-a-performance-review-tips … #performancereview #work #business"
TweetsData/MoneyUnder30.csv;2017-12-20 21:50;0;1;"Thanks for featuring us!!"
TweetsData/MoneyUnder30.csv;2017-12-19 22:24;1;0;"This is always the most #stressful part of the #holidays https://www. moneyunder30.com/holiday-tippin g-guide … #tipping #guide #christmas #money"
TweetsData/MoneyUnder30.csv;2017-12-15 10:00;1;0;"Who's guilty of this? Fortunately, this is an easy fix to save a lot of #money . #coffee #starbucks #saving #financetips https://www. youtube.com/watch?time_con tinue=1&v=56XYThTXgOQ …"
TweetsData/MoneyUnder30.csv;2017-12-11 10:00;0;2;"You don't have to go #broke buying gifts for your friends and family. Here is the ultimate #list of #inexpensive #gifts . https://www. moneyunder30.com/cheap-gifts-55 -inexpensive-christmas-gifts …"
TweetsData/MoneyUnder30.csv;2017-12-07 10:00;2;0;"Don't break the bank this #Christmas ! Browse the best #gifts under $50 #shopping #holidays https://www. moneyunder30.com/christmas-gift s-under-50 …"
TweetsData/MoneyUnder30.csv;2017-12-05 23:25;2;0;"One of the reason they were able to become #millionaires ? (The time to take #notes in NOW) #spendinghabits #wealth https:// twitter.com/businessinside r/status/938016123836022786 …"
TweetsData/MoneyUnder30.csv;2017-12-05 10:00;2;0;"Everything you wanted to know about peer-to-peer #insurance (plus more you didn't know you wanted to ask!) http:// bit.ly/2ijaZEv #p2p #lifeinsurance #saving #carinsurance #peer pic.twitter.com/Cz2qO4QWoE"
TweetsData/MoneyUnder30.csv;2017-12-01 09:00;0;1;"You don't have to spend $32 million to get the perfect #ring ... Find out the best ways to save on this once in a lifetime purchase >> http:// bit.ly/2AJfHqi #pinkdiamond #diamond #engagement https:// twitter.com/business/statu s/935558390113357830 … pic.twitter.com/lmqRIosFKg"
TweetsData/MoneyUnder30.csv;2017-11-30 00:03;3;3;"Did you know you can get money for being on the #internet ? This way to start getting rid of that pesky #debt https://www. moneyunder30.com/ways-to-pay-of f-debt-fast … #payoff #savings #finance"
TweetsData/MoneyUnder30.csv;2017-11-29 00:01;1;1;"It’s #GivingTuesday ! What are you doing to give back? (Hint: it doesn't have to be #cash ) #donation #charity https://www. moneyunder30.com/give-back-alte rnatives-donating-money …"
TweetsData/MoneyUnder30.csv;2017-11-27 22:52;1;0;"Happy #CyberMonday ! Make sure you are spending wisely with these #cards great for the Holidays. Tell us your best #holiday shopping #tips https://www. moneyunder30.com/holiday-shoppi ng-credit-cards … #christmas"
TweetsData/MoneyUnder30.csv;2017-11-26 23:59;0;0;"But at least you can shop smart this season http:// bit.ly/2A6oLnM #funny #meme #christmas #finance pic.twitter.com/YeCOgv1c43"
TweetsData/MoneyUnder30.csv;2017-11-23 23:09;0;2;"Wishing you and your family and friends a #HappyThanksgiving full of happiness, laughter, and delicious food! #ThanksgivingDay pic.twitter.com/SLyvUrpkGo"
TweetsData/MoneyUnder30.csv;2017-11-22 23:41;1;3;"I'm single and lonely but this deal from @JamesAllenRings is making me consider buying myself an engagement ring. Check out more amazing deals for #BlackFriday https://www. moneyunder30.com/black-friday-s hopping-tips-on-budget … #shopping #onlineshopping #deals #budget"
TweetsData/MoneyUnder30.csv;2017-11-21 23:48;1;1;". @Shaq explains to us what NOT to do when you get that first big #paycheck . https:// twitter.com/businessinside r/status/932407404255252481 …"
TweetsData/MoneyUnder30.csv;2017-11-20 23:34;1;0;"Thinking of doing some #lastminute #travel to surprise your #friends and #family ? Read these tips before https://www. moneyunder30.com/save-money-hol iday-travel … #ThanksgivingWeek"
TweetsData/MoneyUnder30.csv;2017-11-19 23:42;1;3;"We’ve all heard the benefits, but what’s the best way to get started? #investing #stockmarket #finance #madeeasy https://www. moneyunder30.com/get-over-your- fear-of-the-stock-market …"
TweetsData/MoneyUnder30.csv;2017-11-16 22:27;0;0;"These #tips will boost your #credit score in no time! What credit #hacks have worked for you? https://www. moneyunder30.com/how-to-get-a-p erfect-credit-score …"
TweetsData/MoneyUnder30.csv;2017-11-15 23:32;0;0;"Have you signed up yet?? The clock is ticking to sign up for #healthinsurance ! Let us know if you have any questions! https://www. moneyunder30.com/health-insuran ce-open-enrollment … #openenrollment #health #getinsured"
TweetsData/MoneyUnder30.csv;2017-11-15 15:41;0;0;"Stay #green this season! https:// twitter.com/StudentLoanHer o/status/930616684775436288 …"
TweetsData/MoneyUnder30.csv;2017-11-13 21:32;0;1;"Health Insurance Open Enrollment: What You Need To Know (And What’s Changed) http:// ow.ly/CMr930gxwxt"
TweetsData/MoneyUnder30.csv;2017-11-13 21:32;0;0;"The Best Way To Pay Off Your Mortgage: A Complete Guide http:// ow.ly/TB3D30gxwtE"
TweetsData/MoneyUnder30.csv;2017-11-10 22:32;0;0;"How To Save Money (And Your Sanity) On A Very Long Trip http:// ow.ly/zfEX30guwwq"
TweetsData/MoneyUnder30.csv;2017-11-08 20:36;1;0;"Do Not Open A 529 Account For Your Child Until You’ve Done This http:// ow.ly/r6up30graZv"
TweetsData/MoneyUnder30.csv;2017-11-07 23:46;0;2;"Conflict-Free Engagement Rings: What They Are And Where To Find Them http:// ow.ly/owIp30gpRXV"
TweetsData/MoneyUnder30.csv;2017-11-06 22:23;0;0;"Motocross On A Budget—How To Buy A Bike, Equipment, And Get To Races Without Going Broke http:// ow.ly/pdCh30gnMnJ"
TweetsData/MoneyUnder30.csv;2017-11-03 21:19;2;3;"5 Reasons It’s Better To Rent Than Buy Your Next Home http:// ow.ly/e9M630gkxUV"
TweetsData/MoneyUnder30.csv;2017-11-02 20:43;0;0;"Is Traveling More Expensive For Pet Owners? Here’s What You’ll Pay Extra For http:// ow.ly/zp8A30giTqQ"
TweetsData/MoneyUnder30.csv;2017-10-31 20:56;0;0;"How To Fill Out The CSS Profile http:// ow.ly/rQgH30gfs8S"
TweetsData/MoneyUnder30.csv;2017-10-30 21:03;0;0;"The Best Way To Consolidate Debt: A Complete Guide http:// ow.ly/rImV30gdBzD"
TweetsData/MoneyUnder30.csv;2017-10-25 20:38;0;2;"How Little Can You Live On In 2017? http:// ow.ly/Oaxa30g7kQe"
TweetsData/MoneyUnder30.csv;2017-10-23 21:28;1;1;"Where Should You Save Your House Downpayment? http:// ow.ly/9oZJ30g44OB"
TweetsData/MoneyUnder30.csv;2017-10-19 20:44;1;2;"Which Loan Should You Pay Off First? A Guide To Tackling Your Debt http:// ow.ly/u50130fZhhV"
TweetsData/MoneyUnder30.csv;2017-10-19 01:12;0;1;"What Is An Independent Student On The FAFSA? And Why It’s Harder Than You Think To File As One http:// ow.ly/Siln30fY1ty"
TweetsData/MoneyUnder30.csv;2017-10-16 20:00;0;0;"More Millennials Are Getting Prenups---Here's Why You Should Consider One Too http:// ow.ly/oYul30fU3Kr"
TweetsData/MoneyUnder30.csv;2017-10-13 20:40;0;2;"What Does Being A Cosigner Really Mean? http:// ow.ly/iUWP30fQTOw"
TweetsData/MoneyUnder30.csv;2017-10-12 21:23;0;0;"Is It (Financially) Worth It To Be A Landlord? http:// ow.ly/odde30fPnBp"
TweetsData/MoneyUnder30.csv;2017-10-10 21:18;1;0;"Should You Lower Your Student Loan Payment? If So, How? http:// ow.ly/iWiE30fLVHB"
TweetsData/MoneyUnder30.csv;2017-10-10 21:15;0;2;"The Pros And Cons of ‘Spare Change’ Investment Apps http:// ow.ly/YfNv30fLVr9"
TweetsData/MoneyUnder30.csv;2017-10-05 21:43;1;1;"11 Cities Where You Can Buy A Home For Under $150,000 http:// ow.ly/qfyg30fF6T9"
TweetsData/MoneyUnder30.csv;2017-10-04 21:08;1;1;"Do My Parents' Make Too Much Money For Me To Submit The FAFSA? The answer may surprise you. http:// ow.ly/nA0Q30fDhZe"
TweetsData/MoneyUnder30.csv;2017-10-03 21:33;0;0;"Will Owning A Manual Transmission Save You Money? http:// ow.ly/L1UB30fBzk8"
TweetsData/MoneyUnder30.csv;2017-10-03 03:20;2;3;"How To Get A Student Loan Tax Deduction http:// ow.ly/t0o430fAl8n"
TweetsData/MoneyUnder30.csv;2017-10-03 03:18;0;2;"How To Surf On A Budget! http:// ow.ly/aZYI30fAkVu"
TweetsData/MoneyUnder30.csv;2017-09-26 21:28;0;1;"Do You Need To Pay For A Credit Monitoring Service? http:// ow.ly/x1yD30fqWg7"
TweetsData/MoneyUnder30.csv;2017-09-22 21:51;0;0;"The 2017 Kia Soul Turbo: The Hamster-Mobile With A Kick http:// ow.ly/pgKy30flSLM"
TweetsData/MoneyUnder30.csv;2017-09-21 21:10;5;4;"How To Teach Your Kids About Money http:// ow.ly/J2Wv30fk6pg"
TweetsData/MoneyUnder30.csv;2017-09-20 21:23;1;3;"5 Ways To Pay Off Student Loan Debt With A Low Income http:// ow.ly/RXhZ30fimMx"
TweetsData/MoneyUnder30.csv;2017-09-15 23:02;0;1;"Need A New Laptop? We Found The Best Bargains http:// ow.ly/I0DD30fbrWH"
TweetsData/MoneyUnder30.csv;2017-09-14 00:03;1;2;"7 Grocery Saving Tips For Millennials http:// ow.ly/isna30f7WAm"
TweetsData/MoneyUnder30.csv;2017-09-14 00:02;2;3;"13 Helpful Tips For Maintaining A Good Credit Score http:// ow.ly/7JYb30f7WlO"
TweetsData/MoneyUnder30.csv;2017-09-13 19:23;0;3;"Need More Money From Your Side Job? Check Out These 8 Side Hustles That Make The Most Money http:// ow.ly/hHaV30f7qpb"
TweetsData/MoneyUnder30.csv;2017-09-12 21:07;1;2;"Think It’s Impossible To Start Saving Money As A College Student? Here’s Why You’re Wrong (And How To Do It) http:// ow.ly/XSuP30f5Ov0"
TweetsData/MoneyUnder30.csv;2017-09-12 00:09;1;0;"7 Of The Best Small Cars For Your Budget (And Ecological Footprint) http:// ow.ly/XWN430f4mJt"
TweetsData/MoneyUnder30.csv;2017-09-11 21:56;0;1;"Do You Need Short-Term Disability Insurance? http:// ow.ly/vo2k30f44n5"
TweetsData/MoneyUnder30.csv;2017-09-01 20:43;0;1;"Check out Money Under 30's Guide To Filling Out The FAFSAhttp://ow.ly/nJ4630eQbmb"
TweetsData/MoneyUnder30.csv;2017-09-01 20:42;0;0;"The Best Music Streaming Apps For The Money http:// ow.ly/QJKt30eQbgW"
TweetsData/MoneyUnder30.csv;2017-08-28 20:50;0;0;"Looking For A New (Used) Car? Here Are 4 Of The Best Used Cars http:// ow.ly/VgOp30eIUvW"
TweetsData/MoneyUnder30.csv;2017-08-18 22:28;2;1;"6 Tips That Will Help You Safely Buy Or Sell Your Car On Craigslist http:// ow.ly/vstR30evzxS"
TweetsData/MoneyUnder30.csv;2017-08-15 21:36;3;2;"Where To Find Student Loans, And What To Know Before You Sign http:// ow.ly/qq9l30eqaoR"
TweetsData/MoneyUnder30.csv;2017-08-11 02:57;1;0;"Is The 2017 Buick LaCrosse Perfect for 85-Year-Olds And 25-Year-Olds? http:// ow.ly/OJR630ejNIX"
TweetsData/MoneyUnder30.csv;2017-08-07 19:55;1;0;"What Car Should I Buy?—How To Choose The Best Car For Your Budget http:// ow.ly/GZQf30edA6a"
TweetsData/MoneyUnder30.csv;2017-08-07 19:54;1;3;"Looking For An Easy Budget You’ll Actually Stick To? The 50-30-20 Budgeting Method Might Be For You. http:// ow.ly/dNIR30edA3e"
TweetsData/MoneyUnder30.csv;2017-08-03 21:16;0;0;"The 2017 Mazda CX-5 Is The “Wonder Woman” Of Crossovers http:// ow.ly/DfM930e8yE3"
TweetsData/MoneyUnder30.csv;2017-07-28 21:25;0;0;"Winter is still far away, but get ready for it and learn how to go skiing and snowboarding on a budget! http:// ow.ly/xmkC30dZ71d"
TweetsData/MoneyUnder30.csv;2017-07-27 21:59;1;2;"How Much Money Can You Really Save By Working From Home? http:// ow.ly/CBHg30dXnLR"
TweetsData/MoneyUnder30.csv;2017-07-24 22:46;3;3;"You Moved Back Home To Save Money, Here’s How To Make The Most Of It http:// ow.ly/Bzds30dRMjN"
TweetsData/MoneyUnder30.csv;2017-07-21 21:31;0;0;"Check out our second piece in our extreme sports on a budget series: Whitewater Kayaking and Canoeing on a budget! http:// ow.ly/WW0f30dOdvO"
TweetsData/MoneyUnder30.csv;2017-07-19 20:47;0;1;"Check out Money Under 30's guide to reducing student loan debt, forgiveness programs, and refinancing options. http:// ow.ly/sZ1U30dKwB9"
TweetsData/MoneyUnder30.csv;2017-07-18 21:18;1;1;"Ever wonder if driving a Hybrid still saves you money? Here's the true cost of owning a fuel-efficient car. http:// ow.ly/wZS930dIFpn"
TweetsData/MoneyUnder30.csv;2017-07-17 21:21;0;2;"Targeted Ads Are Getting Even Worse; Here’s How To Protect Your Wallet http:// ow.ly/n4Oy30dGFoa"
TweetsData/MoneyUnder30.csv;2017-07-13 21:19;0;0;"5 Reasons The Mazda MX-5 Could Be Your Daily Driver. http:// ow.ly/AuoQ30dBfRg"
TweetsData/MoneyUnder30.csv;2017-07-12 21:23;1;2;"Our first post in our series on how to do extreme sports on a budget. Today's topic: Mountain biking! http:// ow.ly/BUBh30dzhBY"
TweetsData/MoneyUnder30.csv;2017-07-11 21:05;4;3;"What To Do With Your 401(k) When You Leave Your Job. http:// ow.ly/SqrW30dv506"
TweetsData/MoneyUnder30.csv;2017-07-03 21:00;0;0;"This Real Estate Closing Scam Could Cost You Your Home; Here’s How To Protect Yourself. http:// ow.ly/Izeu30dh12l"
TweetsData/MoneyUnder30.csv;2017-06-30 21:17;0;0;"How Much Will It Cost To Attend This Summer’s Most Anticipated Music Festivals? http:// ow.ly/i5mZ30db1L9"
TweetsData/MoneyUnder30.csv;2017-06-27 21:56;2;1;"9 Steps To A Staycation That Will Make You Forget You’re At Home http:// ow.ly/5Bts30cVJkv"
TweetsData/MoneyUnder30.csv;2017-06-23 21:25;1;3;"Need To Pay Off Your Large Credit Card Debt? Try One Of These Two Methods http:// ow.ly/hTei30cPXdx"
TweetsData/MoneyUnder30.csv;2017-06-23 21:01;2;2;"What Is The Public Service Loan Forgiveness Program (And Do You Qualify?) http:// ow.ly/DIHN30cO6lD"
TweetsData/MoneyUnder30.csv;2017-06-21 21:02;2;3;"How To Find The Best (And Most Affordable) Mechanic. http:// ow.ly/3n6u30cK3vY"
TweetsData/MoneyUnder30.csv;2017-06-20 21:05;1;2;"Protect Your Money: What The Fiduciary Rule Is And Why You Should Care http:// ow.ly/krKn30cHNyf"
TweetsData/MoneyUnder30.csv;2017-06-20 21:01;0;0;"Depression And Finances: Steps To A Healthy Financial Mindset http:// ow.ly/Nk7I30cHNLy"
TweetsData/MoneyUnder30.csv;2017-06-17 19:00;1;0;"Saving On Glasses And Contacts Has Gotten A Whole Lot Easier Thanks To These Online Retailers. http:// ow.ly/MFIX30cEf45"
TweetsData/MoneyUnder30.csv;2017-06-16 22:02;0;2;"The 2017 Audi A3: Audi’s Millennial-Mobile Outshines The Rest. http:// ow.ly/nDCu30cEeXM"
TweetsData/MoneyUnder30.csv;2017-06-14 22:01;1;2;"Sick of cable? Get rid of it and try one of these companies instead. http:// ow.ly/98GI30cyr8r"
TweetsData/MoneyUnder30.csv;2017-06-14 21:01;1;3;"When To Sell Vs. When To Donate YourStuff http:// ow.ly/GmSq30cyqIs"
TweetsData/MoneyUnder30.csv;2017-06-13 21:01;0;0;"How To Have An Awesome (And Affordable) Wedding http:// ow.ly/Cs2p30cw3OV"
TweetsData/MoneyUnder30.csv;2017-06-13 20:55;2;6;"10 Financial Moves That'll Help Make Your 30s More Fun http:// ow.ly/NtvT30cw3CE"
TweetsData/MoneyUnder30.csv;2017-06-09 21:01;2;6;"No one wants to live with their parents forever, but how much does it cost to live alone? http:// ow.ly/bWgh30cqzcU"
TweetsData/MoneyUnder30.csv;2017-06-08 21:01;1;1;"We tried Trim, a “personal finance assistant” that will cancel your unwanted subscriptions. http:// ow.ly/OOrU30coniS"
TweetsData/MoneyUnder30.csv;2017-06-06 21:01;1;2;"How To Save Money And Keep Your Coffee Habit--6 East Changes That Can Save You Hundreds http:// ow.ly/JNDi30cjZTc"
TweetsData/MoneyUnder30.csv;2017-06-01 22:01;0;1;"Is your basic economy airline ticket really worth it? http:// ow.ly/Vfdr30cbDg5"
TweetsData/MoneyUnder30.csv;2017-06-01 21:01;2;3;"Should you refinance your student loans? http:// ow.ly/NXhJ30cbCT8"
TweetsData/MoneyUnder30.csv;2017-05-31 21:01;1;1;"Why Being Frugal Doesn’t Always Help You Save http:// ow.ly/7qoS30c9q3i"
TweetsData/MoneyUnder30.csv;2017-05-29 21:01;1;0;"How To Buy A Foreclosed House (And Actually Make Money On It) http:// ow.ly/FYX030c48HV"
TweetsData/MoneyUnder30.csv;2017-05-25 21:01;2;2;"Why You Should Make An IRA Contribution Even If It Isn’t Deductible http:// ow.ly/BOtF30c05Ue"
TweetsData/MoneyUnder30.csv;2017-05-23 21:01;2;1;"Just Lost Your Job? Don’t Panic—Financial Do’s And Don’ts When You’re Unemployed http:// ow.ly/xtRM30bVLUC"
TweetsData/MoneyUnder30.csv;2017-05-22 21:25;0;0;"How Much Does A 1% Difference In Your Mortgage Rate Matter http:// ow.ly/HDvA30bRQBx"
TweetsData/MoneyUnder30.csv;2017-05-19 21:01;2;4;"7 Real and Reputable Work-From-Home Companies http:// ow.ly/o2Bj30bPTC8"
TweetsData/MoneyUnder30.csv;2017-05-17 21:01;0;0;"London For Less: A Weaker Pound Makes Now A Great Time To Go http:// ow.ly/jyWF30bLEUH"
TweetsData/MoneyUnder30.csv;2017-05-16 21:01;1;2;"Tired Of Giving Up On Your Savings Resolutions?—How To Set Budget Goals You’ll Actually Reach http:// ow.ly/RNjC30bJm9G"
TweetsData/MoneyUnder30.csv;2017-05-13 21:00;0;0;"Check out our Home Chef review and find out if meal delivery services are really healthy. http:// ow.ly/r7xw30bFK2H"
TweetsData/MoneyUnder30.csv;2017-05-10 21:34;1;0;"Don’t Let Your Travel Plans Break Down: 4 Surprise Expenses You Can Avoid On The Road http:// ow.ly/EZzW30bBdHi"
TweetsData/MoneyUnder30.csv;2017-05-09 00:09;4;1;"How Will The Trump Administration’s Student Loan Reforms Affect You http:// ow.ly/jTLC30bxhgv"
TweetsData/MoneyUnder30.csv;2017-05-04 21:54;1;1;"The Best (and Most Affordable) Spring Weekend Destinations. http:// ow.ly/IjVM30bqErG"
TweetsData/MoneyUnder30.csv;2017-05-03 23:27;1;3;"Check out these unique credit card benefits you probably didn't know existed. http:// ow.ly/k3Tz30boMlh"
TweetsData/MoneyUnder30.csv;2017-05-01 21:08;0;2;"5 amazing new card that are less than $30,000, but still feel expensive. http:// ow.ly/l0cV30bjYLl"
TweetsData/MoneyUnder30.csv;2017-04-28 23:30;1;1;"TransUnion Credit Monitoring Review: Options That Keep Your Credit Data Safe And Happy. http:// ow.ly/Cypm30bgs8H"
TweetsData/MoneyUnder30.csv;2017-04-28 21:14;3;1;"Frugal wedding fails---why going cheap isn't always the answer. http:// ow.ly/RgCa30bg6Ds"
TweetsData/MoneyUnder30.csv;2017-04-27 21:58;1;0;"Want to move to Canada? Here's what it will cost. http:// ow.ly/r1Xs30be2jy"
TweetsData/MoneyUnder30.csv;2017-04-26 20:56;2;5;"The best way to budget? Try pen and paper---how bullet journaling can fix your spending. http:// ow.ly/CYLl30bbJgi"
TweetsData/MoneyUnder30.csv;2017-04-25 21:22;1;2;"Facebook Is Tracking Your Every Click So You’ll Spend More—Here’s How To Stop It thttp://ow.ly/89Ge30b9z72"
TweetsData/MoneyUnder30.csv;2017-04-21 21:00;1;3;"With this diet, it's easy to fix your unhealthy eating habits and save a little bit of money. http:// ow.ly/pz5s30b2YRp"
TweetsData/MoneyUnder30.csv;2017-04-20 21:00;2;2;"Think you know how to fix your bad credit? Think again. Here are 4 common credit repair myths. http:// ow.ly/Rfni30b0WqX"
TweetsData/MoneyUnder30.csv;2017-04-18 21:11;2;1;"Car insurance is expensive, but states require it for a reason. Here's why you need it. http:// ow.ly/uZSk30aWHFm"
TweetsData/MoneyUnder30.csv;2017-04-17 20:55;1;0;"Trump’s reversal on Obama’s FHA loan rate cuts means an increase in annual mortgage payments for homeowners. http:// ow.ly/Vm9B30aUxGB"
TweetsData/MoneyUnder30.csv;2017-04-11 03:35;0;0;"Yikes. Only a week left to do taxes. Got a simple return? You can still file free with H&R Block Online https://www. moneyunder30.com/hr-block-free"
TweetsData/MoneyUnder30.csv;2017-04-04 21:00;1;1;"Having health insurance is good, but dental insurance is different---It may not be as cost-efficient as we’d like. http:// ow.ly/M9Ks30ay2IH"
TweetsData/MoneyUnder30.csv;2017-04-03 21:00;2;0;"The internet is full of tips on how to get a cheap hotel room. But do they really work? http:// ow.ly/SY8f30avCMf"
TweetsData/MoneyUnder30.csv;2017-03-31 21:05;1;4;"Sometimes we have to opt for pricey new items over used. Quality products hold up longer and save you money overall. http:// ow.ly/XiSZ30ar7hh"
TweetsData/MoneyUnder30.csv;2017-03-30 20:56;0;2;"You know you need to save, you want to save, but you don’t. Try an automatic savings account. http:// ow.ly/PtnQ30aoQso"
TweetsData/MoneyUnder30.csv;2017-03-29 21:10;2;5;"Yearly financial goals feel too far off. Monthly goals feel too small. Quarterly goals let you dream big right now. http:// ow.ly/gWmd30amKhn"
TweetsData/MoneyUnder30.csv;2017-03-28 21:00;2;1;"Congrats on that new job! Now it's time to pick your benefits. Here's our guide to the (often) overwhelming options. http:// ow.ly/QFNP30akozd"
TweetsData/MoneyUnder30.csv;2017-03-27 21:00;1;1;"Getting ready to make payments on your student loans? Here’s how to organize your loans, so you never miss a payment. http:// ow.ly/LFi630ahV7q"
TweetsData/MoneyUnder30.csv;2017-03-24 21:00;2;1;"Tiny houses are everywhere—in magazines, newspapers, and even reality TV. But are tiny homes truly cost-efficient? http:// ow.ly/AgkG30adGlk"
TweetsData/MoneyUnder30.csv;2017-03-24 00:25;0;1;"Taxes are hard enough, when it comes time to do yours, you shouldn’t be paying more than you have to. Try TaxAct. http:// ow.ly/bdhL30ac0A6"
TweetsData/MoneyUnder30.csv;2017-03-22 21:28;5;1;"It happens to all of us at some point---the surprise medical bill from the trip to the ER. Here's what to do. http:// ow.ly/uRnn30a9f3C"
TweetsData/MoneyUnder30.csv;2017-03-22 00:02;0;4;"Its $450 annual fee, made Chase Sapphire Reserve the most talked-about credit card of 2016. Is it still worth it? http:// ow.ly/HQb930a7pa2"
TweetsData/MoneyUnder30.csv;2017-03-20 21:29;2;1;"As a student, you’ve got tuition bills and not a lot of income. but, you’ve also got access to many tax credits. http:// ow.ly/N1Hs30a4Bbk"
TweetsData/MoneyUnder30.csv;2017-03-17 00:24;0;0;"It's best to avoid carrying a credit card balance, but there are reasons you may want to use a card with a 0% APR. http:// ow.ly/8irv309YpP2"
TweetsData/MoneyUnder30.csv;2017-03-16 21:05;0;0;"Treat Yourself Without Guilt: Our Guide To Shopping Ethically--- http:// ow.ly/7fIV309XWb0"
TweetsData/MoneyUnder30.csv;2017-03-15 21:15;0;2;"You know your credit limit, your statement balance, and your interest rate. But what’s available credit? thttp://ow.ly/hhWR309VGfa"
TweetsData/MoneyUnder30.csv;2017-03-14 21:48;0;0;"With the Affordable Care Act in jeopardy, people may need to turn to alternative options for their coverage. http:// ow.ly/hQiv309TnYU"
TweetsData/MoneyUnder30.csv;2017-03-13 21:10;0;4;"We all know we should invest our money to make it grow. But why is the stock market the best place to do that? http:// ow.ly/p9oq309QJCl"
TweetsData/MoneyUnder30.csv;2017-03-10 22:40;1;3;"Do you live up to those Millennial stereotypes? Find out. http:// ow.ly/61Bi309MrXw"
TweetsData/MoneyUnder30.csv;2017-03-10 22:10;4;7;"Looking for a second job that both pays well and lets you set your own hours?Check out these 7 side gigs. http:// ow.ly/kqBg309MnxV"
TweetsData/MoneyUnder30.csv;2017-03-09 22:05;0;1;"Russia offers a lot: a fascinating history and literary culture, and beautiful landscapes. Here's how to get there. http:// ow.ly/lA0a309K2ZG"
TweetsData/MoneyUnder30.csv;2017-03-08 22:16;1;3;"We’ve all gotta eat, but we don’t have to pay out the nose to do so. Here are 6 ways to lower your food bill. http:// ow.ly/5jh6309HRxv"
TweetsData/MoneyUnder30.csv;2017-03-07 22:10;0;3;"Need to sell your old clunker? Looking to cash in on your pristine car? Here are the 5 best ways to sell your car. http:// ow.ly/TJKH309Frlp"
TweetsData/MoneyUnder30.csv;2017-03-06 22:04;0;3;"Chase Ultimate Rewards is one of the best—if not the best—credit card rewards programs. Read why in our review. https:// ow.ly/ZLLe309CZNB"
TweetsData/MoneyUnder30.csv;2017-03-03 22:02;0;1;"Around $50k, the 2017 Audi A4 isn’t cheap. But if you can afford it, the Audi gives a lot of luxury for the money. http:// ow.ly/jFTL309yiay"
TweetsData/MoneyUnder30.csv;2017-03-02 22:24;2;2;"First-time homeowner grants are designed to cover the house down payment requirement. Here's how to apply for one. http:// ow.ly/gd4V309w2CY"
TweetsData/MoneyUnder30.csv;2017-03-01 22:05;3;2;"Don't want a 20-year student loan payment plan? Here how to pay off your student loans (a little bit) faster. http:// ow.ly/bAE4309tngh"
TweetsData/MoneyUnder30.csv;2017-02-28 22:00;2;1;"Many—if not most—credit cards offer some form of travel insurance. Should you use it? http:// ow.ly/37in309r4xT"
TweetsData/MoneyUnder30.csv;2017-02-27 22:00;1;0;"What To Do When Your Student Loan Refinance Application Is Denied. http:// ow.ly/C21G309ozQ7"
TweetsData/MoneyUnder30.csv;2017-02-23 22:21;3;0;"Should Dow 20000 change the way you manage your portfolio? Probably not. http:// ow.ly/5Qbc309hJu0"
TweetsData/MoneyUnder30.csv;2017-02-22 23:16;1;2;"Is it possible to get 5 percent cash back on everything you buy? Read to find out! http:// ow.ly/4Ygi309fy31"
TweetsData/MoneyUnder30.csv;2017-02-22 01:00;1;1;"Think discounts and coupons are saving you money? They may be costing you more than you realize. http:// ow.ly/aw9r309d2IM"
TweetsData/MoneyUnder30.csv;2017-02-21 22:32;1;0;"Can an Artificial Intelligence help change our spending habits? http:// ow.ly/fyxl309d1Gk"
TweetsData/MoneyUnder30.csv;2017-02-17 22:16;3;3;"Want to spend ten minutes doing one thing that will have an huge impact on your ability to spend less and save more? http:// ow.ly/bjfy3096gk3"
TweetsData/MoneyUnder30.csv;2017-02-16 22:00;2;1;"The endless acronyms of health-related savings accounts are enough to make your head spin. Here are the differences. http:// ow.ly/h2WT3093TmA"
TweetsData/MoneyUnder30.csv;2017-02-15 23:11;1;0;"With a focus on credit scores these days it's important to know the difference between all the ones you can get. http:// ow.ly/2nSl3091Ttt"
TweetsData/MoneyUnder30.csv;2017-02-15 22:00;2;2;"The Best Items To Buy Used Vs. New -- http:// ow.ly/qbCw3091IuL"
TweetsData/MoneyUnder30.csv;2017-02-14 22:03;0;0;"While you're thinking of your Valentine's Day plans, start planning for the rest of the year's travel too! http:// ow.ly/x4mq308ZARI"
TweetsData/MoneyUnder30.csv;2017-02-13 23:54;3;1;"Mindfulness is all the rage these days, but can mindfulness help you save money? http:// ow.ly/fH5m308Xv2y"
TweetsData/MoneyUnder30.csv;2017-02-10 22:20;2;5;"Index funds: The smartest investing choice, whether you're a college or a chemistry teacher. http:// ow.ly/nHVg308SBqc"
TweetsData/MoneyUnder30.csv;2017-02-10 22:20;3;2;"Refinancing student loans can simplify your life. But when should you refinance? http:// ow.ly/YCo4308SBoI"
TweetsData/MoneyUnder30.csv;2017-02-09 23:20;1;1;"Did you know there are hotel credit cards? They offer a lot of rewards for those who frequently travel. http:// ow.ly/FXhC308QmVQ"
TweetsData/MoneyUnder30.csv;2017-02-08 21:53;0;1;"The Amazon Reward's card recent updates make it a must-have for your wallet—whether you’re a Prime member or not. http:// ow.ly/HYjR308NQN5"
TweetsData/MoneyUnder30.csv;2017-02-07 22:00;1;3;"Discover's 21-month 0% APR balance transfer offer can help you pay off debt, but don't use it to make big purchases. http:// ow.ly/6AQB308Li5C"
TweetsData/MoneyUnder30.csv;2017-02-07 03:25;0;0;"Hate doing your own taxes? Of course you do. TurboTax makes doing your taxes as easy as answering a few questions! http:// ow.ly/9no9308JHAX"
TweetsData/MoneyUnder30.csv;2017-02-06 22:01;0;5;"Want to travel (almost) for free? Try travel hacking! But make sure you take the right steps to avoid paying later. http:// ow.ly/bCLg308IRyz"
TweetsData/MoneyUnder30.csv;2017-02-04 01:00;1;0;"Do you really need that new iPhone? The new, shinier car? Before you buy, ask yourself--investment or indulgence? http:// ow.ly/bIgE308Ed3b"
TweetsData/MoneyUnder30.csv;2017-02-03 22:00;1;0;"Is cooking one of your hobbies? Or just out of ideas on what to make next? Check out Home Chef! http:// ow.ly/Lp2v308EdO9"
TweetsData/MoneyUnder30.csv;2017-02-02 21:57;0;0;"Every saw those "buy local" signs in local grocery stores and thought it's just too expensive? Good news! It's not. http:// ow.ly/s5oe308BM1B"
TweetsData/MoneyUnder30.csv;2017-02-01 21:58;1;0;"Adjunct teaching offers flexibility and the chance to mold young minds. It’s also unstable, low-paying and stressful http:// ow.ly/HHfl308zl0r"
TweetsData/MoneyUnder30.csv;2017-02-01 01:00;1;0;"9 Cars That Cost The Least To Own. http:// ow.ly/IhkL308wKyB"
TweetsData/MoneyUnder30.csv;2017-01-31 22:00;0;1;"Is it ever a good idea to default on student loans? We investigate. http:// ow.ly/lKkm308wKoG"
TweetsData/MoneyUnder30.csv;2017-01-31 03:00;0;2;"We’ve all bought stuff we don’t need because we’re stressed, bored, or tired. But those impulse buys can add up. http:// ow.ly/GIGi308uL5B"
TweetsData/MoneyUnder30.csv;2017-01-31 01:12;0;0;"It’s Tax Time! 3 Ways To—Legally—Pay Fewer Taxes And Snag A Bigger Refund http:// ow.ly/qzAX308uKVz"
TweetsData/MoneyUnder30.csv;2017-01-28 01:00;0;0;"Always dreamt of your own parcel of land? Here's how to finance a land purchase. http:// ow.ly/dSUq308pGvE"
TweetsData/MoneyUnder30.csv;2017-01-27 22:33;0;1;"Finally, An Easy Way To Compare And Buy Health Insurance. http:// ow.ly/VTHK308pGfA"
TweetsData/MoneyUnder30.csv;2017-01-26 22:40;0;0;"Should you consolidate debt with a refinanced mortgage? Here's the answer. http:// ow.ly/LEdH308ngTn"
TweetsData/MoneyUnder30.csv;2017-01-25 22:30;0;0;"When we're young we don't understand a lot about credit. Here's the best student credit cards to get you started. http:// ow.ly/VEfQ308kZdI"
TweetsData/MoneyUnder30.csv;2017-01-24 22:00;1;0;"The right college budget can free you from money worries so you can focus on studying — and graduate with less debt. http:// ow.ly/2SPY308iC7E"
TweetsData/MoneyUnder30.csv;2017-01-24 01:01;5;3;"You make a decent salary and pay attention to where your money goes. But you might still be living above your means. http:// ow.ly/yumo308gemH"
TweetsData/MoneyUnder30.csv;2017-01-21 03:00;4;3;"Simply put, you need life insurance if someone else is depending on your income. http:// ow.ly/zZMh308bMOU"
TweetsData/MoneyUnder30.csv;2017-01-20 22:00;2;4;"Every had trouble sticking to your budget? You're not alone. Find one best suited to you goals and personality. http:// ow.ly/mo6O308bM35"
TweetsData/MoneyUnder30.csv;2017-01-19 22:31;0;1;"Balance transfers can save you money, but how do you find a card worth keeping after you’ve paid off the balance? http:// ow.ly/LCAO3089HND"
TweetsData/MoneyUnder30.csv;2017-01-18 22:00;3;4;"Saving: the thing everyone says they want to do more of, but almost nobody actually does. Here’s how to start. http:// ow.ly/pbZn3087nkz"
TweetsData/MoneyUnder30.csv;2017-01-18 03:01;0;1;"Learn how to spend smarter with Moneymentals and live the life you’ve always wanted in 2017. http:// ow.ly/zvCk3084VrD"
TweetsData/MoneyUnder30.csv;2017-01-17 21:00;1;0;"You’ve got your eyes on a new ride, but your old clunker still runs and is relatively reliable. Should you upgrade? http:// ow.ly/SOb53084V2W"
TweetsData/MoneyUnder30.csv;2017-01-13 22:00;2;2;"Increasing your credit limit isn’t about boosting spending power. It's about improving your credit. Here's how. http:// ow.ly/v1V1307YfiG"
TweetsData/MoneyUnder30.csv;2017-01-12 23:50;2;7;"You know you should save more. Don’t know where to find the extra cash? Here's how to jump-start your emergency fund http:// ow.ly/8xFH307Wix6"
TweetsData/MoneyUnder30.csv;2017-01-11 22:06;1;0;"Credit card offers are everywhere. Don't take the bait. Here are four things to consider before applying for a card. http:// ow.ly/UoLK307TNDq"
TweetsData/MoneyUnder30.csv;2017-01-10 22:46;0;1;"When your nice bank teller wants you to get a new credit car or another savings account, how do you say no? http:// ow.ly/YP7i307RycC"
TweetsData/MoneyUnder30.csv;2017-01-09 22:00;1;0;"Changing habits can help you reach financial goals, but it's tough. Here’s the science behind changing your habits. http:// ow.ly/rwAP307OTR2"
TweetsData/MoneyUnder30.csv;2017-01-06 23:45;1;0;"When you check out at a store there's always the store card offer. But is a store card a good first credit card? http:// ow.ly/pYVN307KGBV"
TweetsData/MoneyUnder30.csv;2017-01-06 02:51;1;0;"Choosing a financial advisor is at least as important as picking a babysitter, yet some people give it less thought. http:// ow.ly/iXgM307J136"
TweetsData/MoneyUnder30.csv;2017-01-05 03:45;1;0;"Maybe you’ve heard of credit utilization ratio, maybe you haven’t. Here's why it's important for your credit score. http:// ow.ly/mfG8307G7E2"
TweetsData/MoneyUnder30.csv;2017-01-04 23:40;0;1;"The New Year brings new opportunities for better financial health. Five ways to set yourself up for success in 2017. http:// ow.ly/Ok0D307G6X7"
TweetsData/MoneyUnder30.csv;2017-01-04 00:20;2;3;"Some universal ideas of personal finance—emergency savings, employer match, and living within your means. http:// ow.ly/d59S307DOhT"
TweetsData/MoneyUnder30.csv;2016-12-31 00:05;3;3;"As the New Year approaches, it’s time to make those resolutions to save more and spend less. Money Under 30 can help. http:// ow.ly/Wfkf307yFyG"
TweetsData/MoneyUnder30.csv;2016-12-29 22:49;1;4;"Start saving for next year's Christmas now. Seriously, it can save you a lot of money and a lot of time. http:// ow.ly/75jQ307wUOT"
TweetsData/MoneyUnder30.csv;2016-12-28 00:36;1;0;"Overwhelmed by all the different accounts and cards out there? Here’s our list of the best personal finance products http:// ow.ly/TXWn307tyYv"
TweetsData/MoneyUnder30.csv;2016-12-23 02:03;1;2;"Looking to save money on your phone plan? Consider some alternatives to big-name carriers. http:// ow.ly/ECcA307nBjf"
TweetsData/MoneyUnder30.csv;2016-12-21 22:18;1;1;"Traveling abroad? An international SIM card can keep your cell phone bill from being as much as your plane ticket. http:// ow.ly/65Cy307kS0n"
TweetsData/MoneyUnder30.csv;2016-12-21 01:33;2;1;"Most store cards have high rates and low rewards. But are any worth having? The best store cards: http:// ow.ly/guG5307j75I"
TweetsData/MoneyUnder30.csv;2016-12-20 00:16;1;0;"Looking for a decent phone and good service at half the cost of the big mobile carriers? Say hello to FreedomPop: http:// ow.ly/N42T307gugG"
TweetsData/MoneyUnder30.csv;2016-12-15 00:43;1;0;"Don't have time for a full week of vacation? Here are 6 great cities for a long weekend: http:// ow.ly/YEjj3077Mx6"
TweetsData/MoneyUnder30.csv;2016-12-13 22:27;0;1;"Come January, everybody's favorite season arrives: Tax season! Here's what freelancers can do now to pay less later: http:// ow.ly/tzuF30758VA"
TweetsData/MoneyUnder30.csv;2016-12-09 22:30;1;0;"You go to the doctor once a year for an annual checkup. Don't your investment deserve the same? http:// ow.ly/hsCv306YfLw"
TweetsData/MoneyUnder30.csv;2016-12-06 23:45;1;1;"It's that time of year again! No, not Christmas. Time to pick a health plan! Here's what you need to know: http:// ow.ly/4960306RDqR"
TweetsData/MoneyUnder30.csv;2016-12-05 21:44;2;0;"Travel to Cuba is finally legal. But it's still a little complicated. Here's how to get to Cuba: http:// ow.ly/HgFV306OQqR"
TweetsData/MoneyUnder30.csv;2016-11-28 22:06;1;4;"Is an annual fee ever worth it? Learn more here: http:// ow.ly/LYFG306AnfN"
TweetsData/MoneyUnder30.csv;2016-11-04 23:02;3;2;"You love your pet, and would do anything to keep them healthy. The smart way to pay for an unexpected vet bill. http:// ow.ly/hv6o305RbYy"
TweetsData/MoneyUnder30.csv;2016-11-01 22:50;3;2;"Open enrollment starts today on the ACA exchanges. Confused about terms like deductible, co-pay, etc? Read this: http:// ow.ly/6uHg305JUku"
TweetsData/MoneyUnder30.csv;2016-11-01 22:09;1;1;"Why It Really Doesn't Matter Which Rewards Card You Get http:// ow.ly/WqVA305JMtp"
TweetsData/MoneyUnder30.csv;2016-10-31 23:13;2;1;"Your company offers employee stock options. Should you take them? http:// ow.ly/bK23305HuOu"
TweetsData/MoneyUnder30.csv;2016-10-28 22:35;2;1;"The holidays are stressful enough without paying too much for travel. How to save money on those flights home: http:// ow.ly/zeL9305D4qN"
TweetsData/MoneyUnder30.csv;2016-10-27 21:26;2;9;"The best investment accoutns for young investors---from robo-advisors to online brokers to simple apps. http:// ow.ly/TM9C305AAnc"
TweetsData/MoneyUnder30.csv;2016-10-26 22:00;3;2;"There are many paths to being student debt free. Here's 7 different scenarios for paying off 50k in student loans: http:// ow.ly/S2vy305yi7n"
TweetsData/MoneyUnder30.csv;2016-10-25 23:02;1;2;"Don't wait until you get rich to see the world. How to travel for cheap: http:// ow.ly/i8Nx305w5MM"
TweetsData/MoneyUnder30.csv;2016-10-24 23:29;1;0;"Got a card with an annual fee you don't use anymore? How to get rid of it without hurting your credit: http:// ow.ly/Yx93305tEpu"
TweetsData/MoneyUnder30.csv;2016-10-22 00:34;1;1;"Heads up for Verizon customers: Thousand of people have reported sudden jumps in their data usage (and bills): http://www. cleveland.com/business/index .ssf/2016/10/hit_by_data_overages_at_verizo.html …"
TweetsData/MoneyUnder30.csv;2016-10-21 23:41;0;0;"Happy to help!"
TweetsData/MoneyUnder30.csv;2016-10-11 22:48;0;0;"FHA loans are more accessible than ever—-but have they ever been a good deal? http://www. moneyunder30.com/are-fha-loans- a-good-idea?utm_source=twitter.com&utm_medium=tweet&utm_campaign=twitter …"
TweetsData/MoneyUnder30.csv;2016-10-05 22:10;0;0;"How To Pay Fewer Taxes (Even If You Aren’t Donald Trump): http://www. moneyunder30.com/pay-fewer-taxe s?utm_source=aweber&utm_medium=weekly-email&utm_campaign=email …"
TweetsData/MoneyUnder30.csv;2016-10-04 02:07;0;1;"Glad it worked out!"
TweetsData/MoneyUnder30.csv;2016-10-04 02:07;0;0;". @penniesNdollars tried out our no-hassle car shopping email—and it worked. http:// penniesanddollars.com/easiest-way-ge t-great-deal-new-car/ …"
TweetsData/MoneyUnder30.csv;2016-10-03 22:37;0;2;"Checking accounts aren't sexy, but the one from Simple Bank is smart, sleek, and tailored to your needs. Our review: http:// ow.ly/1rfW304Nzix"
TweetsData/MoneyUnder30.csv;2016-09-30 00:01;4;1;"Student loan forgiveness makes some or all of your outstanding debt go away, but it's not easy to get. Here's how: http:// ow.ly/D24i304GVUc"
TweetsData/MoneyUnder30.csv;2016-09-27 21:25;1;1;"Going abroad? Make sure you get the most for your dollars. The 3 simple rules of smart currency exchange: http:// ow.ly/A0XU304BJIY"
TweetsData/MoneyUnder30.csv;2016-09-20 01:27;2;0;"You've been offered automated tax-loss harvesting with your robo-advisor account. Should you turn it on? http:// ow.ly/n4px304m4V9"
TweetsData/MoneyUnder30.csv;2016-09-16 23:57;2;4;"Being an adult is hard. Here's our step-by-step guide to achieving (financial) maturity: http://www. moneyunder30.com/how-to-become- an-adult?utm_source=twitter.com&utm_medium=tweet&utm_campaign=twitter …"
TweetsData/MoneyUnder30.csv;2016-09-14 21:25;4;1;"How to Be an Adult: A Step-By-Step Guide for Getting Your S$*% Together: http:// ow.ly/2j5H304cIpy"
TweetsData/MoneyUnder30.csv;2016-09-13 01:49;0;1;"The news this week is full of cautionary tales: What you can learn from the Wells Fargo fraud settlement. http:// ow.ly/aIX13048EvD"
TweetsData/MoneyUnder30.csv;2016-09-08 21:18;0;1;"Planning a trip on a budget? Hostels don't just offer cheap accommodations; they also provide a sense of community. http:// ow.ly/qn3y30416vD"
TweetsData/MoneyUnder30.csv;2016-09-06 21:05;3;1;"It's important to keep your work and business expenses separate. Here are the 5 best business checking accounts: http:// ow.ly/SC0x303W9pB"
TweetsData/MoneyUnder30.csv;2016-08-31 21:39;1;3;"Looking for just the right mix in your investment portfolio? These 17 Vanguard funds can help you get there. http:// ow.ly/oVyO303L2a2"
TweetsData/MoneyUnder30.csv;2016-08-29 22:41;0;1;"Want to make music, art, or literature your career? Rule No 1: Keep your overhead low. http:// ow.ly/fCQ4303Gki9"
TweetsData/MoneyUnder30.csv;2016-08-24 23:16;1;2;"Got some extra money burning a hole in your pocket? Let us show you how to invest it with confidence: http://www. moneyunder30.com/best-way-to-in vest-10000?utm_source=twitter.com&utm_medium=tweet&utm_campaign=twitter …"
TweetsData/MoneyUnder30.csv;2016-08-23 23:03;5;1;"NYC's too expensive for struggling artists. But these 5 cities offer affordable rents and thriving communities: http:// ow.ly/Zocj303vsDL"
TweetsData/MoneyUnder30.csv;2016-08-22 23:52;1;4;"Asking for a raise? Calm your nerves and bolster your case by researching your salary using these 7 websites: http:// ow.ly/lsJH303tajB"
TweetsData/MoneyUnder30.csv;2016-08-19 23:05;1;2;"It's the worst part of owning a car: parking. Here are 7 apps that make it a little easier (and a little cheaper): http:// ow.ly/oKgs303oid8"
TweetsData/MoneyUnder30.csv;2016-08-19 20:55;5;3;"If you get a letter in the mail promising to solve your student loan problems, don't buy it. How to spot a scam: http:// ow.ly/XkqA303oh0I"
TweetsData/MoneyUnder30.csv;2016-08-17 21:28;1;1;"Should you ever buy travel insurance? http:// ow.ly/2ob6303jPCV"
TweetsData/MoneyUnder30.csv;2016-08-17 01:46;1;1;"Should you invest your money with a robo advisor? Our cost-benefit analysis: http:// ow.ly/YzYw303ihmf"
TweetsData/MoneyUnder30.csv;2016-08-16 21:31;1;1;"The credit elves at FICO have come up with a new scoring model, FICO 9. Is it good for consumers? http:// ow.ly/lhIv303hBjS"
TweetsData/MoneyUnder30.csv;2016-08-13 00:01;0;0;"Trying to choose a cashback card? Here's our look at current cards with the highest standard rewards rate: 1.5%. http://www. moneyunder30.com/cash-back-rewa rds-credit-cards?utm_source=twitter.com&utm_medium=tweet&utm_campaign=twitter …"
TweetsData/MoneyUnder30.csv;2016-08-12 01:22;0;1;"Tempted by the sweet interest rates on high-yield checking accounts? Read this before you make the switch: http://www. moneyunder30.com/high-yield-che cking-accounts?utm_source=twitter.com&utm_medium=tweet&utm_campaign=twitter …"
TweetsData/MoneyUnder30.csv;2016-08-11 03:30;1;0;"401(k) or 401(b) fees can be a huge drag on your retirement. Here’s what you can do: http://www. moneyunder30.com/401k-fees"
TweetsData/MoneyUnder30.csv;2016-08-11 03:28;0;1;"Fees matter. A lot. Just ask these guys: http:// time.com/money/4444925/ mit-nyu-yale-retirement-plan-fees/ …"
TweetsData/MoneyUnder30.csv;2016-08-11 00:51;1;4;"Parenting is a full-time job. But you can also get some (paid) work on the side. 14 jobs for stay-at-home parents: http:// ow.ly/Um5w30371X3"
TweetsData/MoneyUnder30.csv;2016-08-10 21:41;0;0;"In other streaming news, Hulu is discontinuing its free, ad-supported service: http:// time.com/4443144/hulu-f ree-netflix/ …"
TweetsData/MoneyUnder30.csv;2016-08-10 21:01;1;2;"We wrote a few months ago about why ESPN is the linchpin holding cable packages together: http://www. moneyunder30.com/streaming-vs-c able …"
TweetsData/MoneyUnder30.csv;2016-08-10 21:00;0;0;"However, it’s meant to be “complementary” to the cable channel, and their content will not overlap."
TweetsData/MoneyUnder30.csv;2016-08-10 20:59;0;1;"News for sports fans: Disney is developing an ESPN-branded streaming app: http://www. nytimes.com/2016/08/10/bus iness/media/disney-bamtech-video-streaming.html?_r=0 …"
TweetsData/MoneyUnder30.csv;2016-08-10 03:01;1;0;"Want to do good while you do well (and maybe get some loans forgiven)? Take a look at jobs in public service: http:// ow.ly/CAZe30355hi"
TweetsData/MoneyUnder30.csv;2016-08-05 01:00;0;1;"You’re welcome!"
TweetsData/MoneyUnder30.csv;2016-08-04 00:58;0;2;". @tillerhq The SEP IRA can come in handy there: http://www. moneyunder30.com/sep-ira"
TweetsData/MoneyUnder30.csv;2016-08-04 00:53;1;3;"Hey! We can help with that: http://www. moneyunder30.com/ten-ways-to-yo ur-shake-up-your-401k … https:// twitter.com/LaurenYoung/st atus/760878206194970624 …"
TweetsData/MoneyUnder30.csv;2016-08-04 00:28;1;3;"Self Lender is an innovative new company that lets you build credit and grow your savings at the same time: http:// ow.ly/KOTw302TaKd"
TweetsData/MoneyUnder30.csv;2016-08-03 01:35;0;0;"@AWeberSupport Hi! My newsletter was just replaced with some kind of generic template, and the autosaves won't restore. What do I do?"
TweetsData/MoneyUnder30.csv;2016-07-29 23:23;0;1;"Do you want to build credit but worry about overspending with a credit card? Read this: http:// ow.ly/UB0X302JBnA"
TweetsData/MoneyUnder30.csv;2016-07-29 20:31;0;0;"We wanted to focus on less well known ones; we felt Seattle was already very established."
TweetsData/MoneyUnder30.csv;2016-07-27 02:20;1;0;"Why What You Think You Know About Money But Don't Can Hurt You http:// ow.ly/xZka302D2Ea"
TweetsData/MoneyUnder30.csv;2016-07-26 01:26;0;0;"Will your pension affect your Social Security benefits? It depends: http:// ow.ly/GVEh302AvZR"
TweetsData/MoneyUnder30.csv;2016-07-22 23:38;2;4;"It's completely possible to start a business with little money. You've just got to focus on the essentials: http:// ow.ly/E5ty302vGvG"
TweetsData/MoneyUnder30.csv;2016-07-22 01:28;0;1;"Real estate crowdfunding is the latest investing trend. Is it right for you? http:// ow.ly/Mnm9302tAcL"
TweetsData/MoneyUnder30.csv;2016-07-21 00:04;0;1;"From @nytimes : why it hurts to pay with cash (and why that's probably good for you) http:// ow.ly/pwHf302r66F"
TweetsData/MoneyUnder30.csv;2016-07-20 23:16;0;2;"Wanna see Europe for less? Go east! http:// ow.ly/v1ej302qWL3"
TweetsData/MoneyUnder30.csv;2016-07-20 22:20;0;0;"The Talking Heads front man wrote about how Des Moines’s low cost of living makes it great for artists: http:// davidbyrne.com/des-moines"
TweetsData/MoneyUnder30.csv;2016-07-20 22:16;0;0;"Iowa is the place to be for cheap rent and good opportunities. If you don’t believe us, ask David Byrne. https:// twitter.com/DMRegister/sta tus/755765522516541440 …"
TweetsData/MoneyUnder30.csv;2016-07-20 01:53;1;1;"We wrote about 12 companies that are already offering repayment as a part of their benefits packages: http:// ow.ly/4s3h302oZ1x"
TweetsData/MoneyUnder30.csv;2016-07-20 01:52;0;0;"Intrigued by this new startup that hopes to build a platform to help employers pay their employees' student loans: http:// ow.ly/MV3B302oYO7"
TweetsData/MoneyUnder30.csv;2016-07-20 01:15;0;2;"We loved this piece on @ThisAmerLife about the return policies at LL Bean, our neighbor in Freeport, ME. http:// ow.ly/V0sG302oTGJ"
TweetsData/MoneyUnder30.csv;2016-07-20 01:11;2;1;"When investing, it's smart to do your homework---even with (seeming) no-brainers like index funds. http:// ow.ly/3Gfu302oTeD"
TweetsData/MoneyUnder30.csv;2016-07-20 00:20;1;0;"If you feel at sea about saving, this tool can set you on the right course. https:// twitter.com/MoneyUnder30/s tatus/753950233386557440 …"
TweetsData/MoneyUnder30.csv;2016-07-19 23:22;1;5;"Which isn't to say buying a house isn't a good financial decision. Our rent vs buy calculator can help you decide: http:// ow.ly/PkjD302oCV8"
TweetsData/MoneyUnder30.csv;2016-07-19 23:21;0;1;"We've written about the same topic at Money Under 30: http:// ow.ly/ZP9o302oCCv"
TweetsData/MoneyUnder30.csv;2016-07-19 23:19;0;0;"The New York Times on why land and housing aren't necessarily great investments: http:// ow.ly/aErN302oC7G"
TweetsData/MoneyUnder30.csv;2016-07-19 21:24;1;2;"Here's almost every way you could pay back your student loans: http:// ow.ly/aZ8a302oh4g"
TweetsData/MoneyUnder30.csv;2016-07-18 21:19;3;2;"Want to profit from your principles? Or put principle before profit? Learn about socially responsible investing: http:// goo.gl/lb8pjv"
TweetsData/MoneyUnder30.csv;2016-07-16 00:16;1;3;"http://www. nytimes.com/2016/03/27/you r-money/apps-that-make-saving-as-effortless-as-spending.html …"
TweetsData/MoneyUnder30.csv;2016-07-15 21:51;13;25;"Hate thinking about money? Use our interactive tool to automate your savings and never worry about it again: http://www. moneyunder30.com/where-should-y ou-be-saving …"
TweetsData/MoneyUnder30.csv;2016-07-13 00:37;0;3;"Nice! https:// twitter.com/twocuphouse/st atus/752898081071374336 …"
TweetsData/MoneyUnder30.csv;2016-07-12 23:35;0;1;"Happy Prime Day! Has anybody spotted any can’t-miss deals?"
TweetsData/MoneyUnder30.csv;2016-07-11 21:06;0;2;"#PokemonGo comes to Europe in just a few days. Want to follow it there? Here's how to earn a free flight in no time. http:// ow.ly/XM4I3027EuN"
TweetsData/MoneyUnder30.csv;2016-07-05 23:17;0;3;"Hiring movers for the first time? Here's everything you need to know: http:// ow.ly/nZOY301Wuot"
TweetsData/MoneyUnder30.csv;2016-06-28 22:07;1;2;"Moving to NYC? Never fear! Our comprehensive guide to finding an apartment in the Big Apple is here: http:// ow.ly/6u5F301Iwse"
TweetsData/MoneyUnder30.csv;2016-06-28 02:56;0;0;"Our focus is primarily on the US, though a lot of our advice is relevant to people who live anywhere, including Europe."
TweetsData/MoneyUnder30.csv;2016-06-27 23:34;0;0;"Happy Monday! Do you have a favorite credit card rewards program? If so, which one and why?"
TweetsData/MoneyUnder30.csv;2016-06-27 21:41;0;0;"Looking to flex your tech muscles without paying Silicon Valley rents? Try one of these 8 cities: http:// ow.ly/AOLx301FNyS"
TweetsData/MoneyUnder30.csv;2016-06-25 06:25;1;3;"Today was a bad day for stocks. But stocks had a similarly bad day last August, and they rebounded. #keepcalm"
TweetsData/MoneyUnder30.csv;2016-06-24 21:44;4;4;"For investors, today’s a good day to assume the stiff upper lip of the Brits. #Brexit pic.twitter.com/LEadMjlEU3"
TweetsData/MoneyUnder30.csv;2016-06-24 21:13;1;1;"Sage advice from @themotleyfool : Don’t panic. http://www. fool.com/investing/2016 /06/24/brexit-what-we-are-and-arent-doing.aspx …"
TweetsData/MoneyUnder30.csv;2016-06-24 20:58;1;1;"A classic from our archives, and very relevant today: http://www. moneyunder30.com/what-to-do-aft er-a-stock-market-crash …"
TweetsData/MoneyUnder30.csv;2016-06-24 20:51;10;8;"In light of#Brexit, we highly recommend not looking at your 401(k)s. For maybe a few weeks."
TweetsData/MoneyUnder30.csv;2016-06-23 22:03;0;1;"Stash lets you start investing for $5. But is its curated approach to investing the best way to build wealth? http:// ow.ly/j6Vq301ySul"
TweetsData/MoneyUnder30.csv;2016-06-22 21:05;1;6;"Wait! Don't sign that rental lease until you've read this post: http:// ow.ly/H4Yb301wfyo"
TweetsData/MoneyUnder30.csv;2016-06-20 22:20;1;0;"In town for significantly more than a week but less than the length of a lease? How to find short-term housing: http:// ow.ly/IAjn301rm7v"
TweetsData/MoneyUnder30.csv;2016-06-17 23:14;1;1;"Hamilton is sold out....pretty much forever. But here's how to find cheap tickets to other Broadway shows: http:// ow.ly/yiTr301mPrs"
TweetsData/MoneyUnder30.csv;2016-06-15 23:03;2;2;"John Oliver gets real about retirement plans: https://www. youtube.com/watch?v=gvZSpE T11ZY …"
TweetsData/MoneyUnder30.csv;2016-06-15 21:07;2;3;"Want to start investing but aren't sure where to start? Here's how to get in the game (without paying crazy fees): http:// ow.ly/4w8j301hBnL"
TweetsData/MoneyUnder30.csv;2016-06-14 20:57;1;1;"401(k) fees can take a serious bite out of your investment returns---and make meeting your retirement goals tougher: http:// ow.ly/eLB9301f9pj"
TweetsData/MoneyUnder30.csv;2016-06-10 22:18;0;2;"Want to show your love and commitment, but don't like diamonds? Here are some great alternatives: http:// ow.ly/sg4930183py"
TweetsData/MoneyUnder30.csv;2016-06-09 23:40;0;2;"Never know exactly when you're getting paid or how much? It's still possible to set and meet your savings goals. http:// ow.ly/Tp2j3015M4V"
TweetsData/MoneyUnder30.csv;2016-06-08 21:47;0;0;"Airbnb lets you transform your extra space into extra cash. But are the rewards greater than the risks? http:// ow.ly/Egjg3012TQi"
TweetsData/MoneyUnder30.csv;2016-06-08 00:09;1;1;"Hurray! It looks like the crazy rent increases of the past few years may finally be at an end: http:// fivethirtyeight.com/features/the-r ent-is-less-damn-high/ …"
TweetsData/MoneyUnder30.csv;2016-06-07 20:49;1;1;"Being your own boss rules; being your own accountant sucks. These 12 apps take the hassle out of freelancing: http:// ow.ly/Sisa3010btu"
TweetsData/MoneyUnder30.csv;2016-06-06 22:30;1;1;"Want to stream music but can't pick between Tidal, Spotify, and Apple Music? Let us help: http:// ow.ly/Ias9300XRO7"
TweetsData/MoneyUnder30.csv;2016-06-03 21:18;0;3;"In the market for a brand new car? Use our new calculator to figure out if you should buy or lease: http:// ow.ly/tEEr300SShQ"
TweetsData/MoneyUnder30.csv;2016-06-02 21:23;0;4;"Asking for a raise? Don't talk yourself out of more money: Let an awkward pause do your negotiating. http:// ow.ly/5b59300QmLB"
TweetsData/MoneyUnder30.csv;2016-05-31 21:50;0;2;"5 Things You Need To Know Before Pursuing Income-Driven Repayment Planshttp://ow.ly/iYBs300KXj7"
TweetsData/MoneyUnder30.csv;2016-05-27 23:25;0;1;"Should you buy a condo instead of a single-family home? Learn about the pros and cons: http://www. moneyunder30.com/condo-vs-singl e-family-house?utm_source=twitter.com&utm_medium=tweet&utm_campaign=twitter …"
TweetsData/MoneyUnder30.csv;2016-05-27 22:43;2;3;"Big thanks to Rob over at @CollegeInvestin for including us on the 101 Essential Resources for College Freshman! http:// thecollegeinvestor.com/8677/101-essen tial-resources-college-freshman/#personalfinance …"
TweetsData/MoneyUnder30.csv;2016-05-26 21:15;0;0;"Majoring in the arts? Here's how to make sure you hit the ground running after graduation: http:// ow.ly/Y73P300BFQ0"
TweetsData/MoneyUnder30.csv;2016-05-25 22:48;1;2;"Want to ditch those expensive wheels? Here's how to figure out if you can live the car-free life: http:// ow.ly/Xbas300zD7j"
TweetsData/MoneyUnder30.csv;2016-05-24 22:00;0;2;"Struggling with depression? You can get help---no matter your finances. Learn more here: http:// ow.ly/an0X300wziF"
TweetsData/MoneyUnder30.csv;2016-05-23 22:10;2;2;"Wanna work from home but can't find any legit opportunities? Let us help: http:// ow.ly/X12B300ucn0"
TweetsData/MoneyUnder30.csv;2016-05-17 22:17;2;3;"Want to stay in shape without shelling out too much cash? We've got some ideas (not to mention some GIFs): http:// ow.ly/L5tm300hM2k"
TweetsData/MoneyUnder30.csv;2016-05-11 02:40;1;4;"Have you tried our new saving tool yet? It'll put your finances in order in 15 minutes: http:// ow.ly/mlWZ3004Vgc"
TweetsData/MoneyUnder30.csv;2016-05-11 01:35;0;0;"Level Money App Review: Good Concept, Flawed Execution http:// ow.ly/Sxtc3004Uow"
TweetsData/MoneyUnder30.csv;2016-05-11 00:35;0;1;"Smarter Auto Financing: How To Pay Your Car Loan Off Fast http:// ow.ly/2BvU3004TMN"
TweetsData/MoneyUnder30.csv;2016-05-10 23:21;0;0;"The Unreality of Real Estate TV http:// ow.ly/1h5Z3004TCj"
TweetsData/MoneyUnder30.csv;2016-05-06 03:01;0;0;"Do you really need to fix that? Find out what's essential and what's just sales at your oil change: http:// ow.ly/4ns8cM"
TweetsData/MoneyUnder30.csv;2016-05-06 01:30;0;1;"Level app review: A great idea, but so-so execution. http:// ow.ly/4ns7M6"
TweetsData/MoneyUnder30.csv;2016-05-06 00:00;1;0;"Have no idea where you should put your money? Let our interactive tool show you the way: http:// ow.ly/4ns7CF"
TweetsData/MoneyUnder30.csv;2016-05-05 22:30;0;3;"Use a debit card for your everyday spending? Here are 5 reasons you shouldn't: http:// ow.ly/4ns7d3"
TweetsData/MoneyUnder30.csv;2016-04-30 02:33;0;1;"Choose Your Own Savings Adventure: Our Free Tool Tells You Where To Save Next http://www. moneyunder30.com/where-should-y ou-be-saving?utm_source=twitter.com&utm_medium=tweet&utm_campaign=twitter …"
TweetsData/MoneyUnder30.csv;2016-04-26 04:30;0;2;"Can't retire early like Mr. Money Mustache? That's okay: http:// ow.ly/4n49dQ"
TweetsData/MoneyUnder30.csv;2016-04-26 03:30;0;1;"It's hard to plan when you don't know how much money you've got coming in. How to budget on variable income: http:// ow.ly/4n47wj"
TweetsData/MoneyUnder30.csv;2016-04-26 02:01;1;2;"When you book your flight affects the price as much as where you're going. How to know it's time to click "buy": http:// ow.ly/4n46nj"
TweetsData/MoneyUnder30.csv;2016-04-26 00:00;0;0;"Is your credit history something of a blank slate? A credit-builder loan could help you fill in the gaps. http:// ow.ly/4n44Au"
TweetsData/MoneyUnder30.csv;2016-04-25 22:30;0;2;"10 Ways to Shake Up Your 401(K) http:// ow.ly/4n44oq"
TweetsData/MoneyUnder30.csv;2016-04-22 03:45;0;1;"Is your income unpredictable? Here's how to budget even if you don't know exactly when you'll be getting paid next. http:// ow.ly/4mWrxj"
TweetsData/MoneyUnder30.csv;2016-04-22 02:30;0;2;"Looking to fly in the nearish future? Here's how to know *when* it's time to buy your ticket. http:// ow.ly/4mWqJF"
TweetsData/MoneyUnder30.csv;2016-04-22 00:30;0;0;"Movie stars may make millions, but the real money for regular people working in the arts is backstage. http:// ow.ly/4mWpYv"
TweetsData/MoneyUnder30.csv;2016-04-21 22:40;0;0;"Looking to freelance full-time? Here's how to know if you're financially ready. http:// ow.ly/4mWoUq"
TweetsData/MoneyUnder30.csv;2016-04-21 21:30;0;1;"Can't Be Mr. Money Mustache? That's Okay---You're Not Failing At Personal Finance http:// ow.ly/4mWoAK"
TweetsData/MoneyUnder30.csv;2016-04-18 22:13;1;0;"Morning, Twitter! What personal finance topics do you find most tedious/bewildering? Which ones do you wish you knew more about?"
TweetsData/MoneyUnder30.csv;2016-04-14 00:08;0;0;"Cut The Cord Without Getting Bored: Find The Best Streaming Service For You http://www. moneyunder30.com/cut-the-cord-w ithout-getting-bored-find-the-best-streaming-service-for-you?utm_source=twitter.com&utm_medium=tweet&utm_campaign=twitter …"
TweetsData/MoneyUnder30.csv;2016-04-12 23:30;0;0;"Election season got you down? Want a little time away from the US of A? How to find cheap international flights: http:// ow.ly/10zvgu"
TweetsData/MoneyUnder30.csv;2016-04-12 21:13;0;0;"Consolidation Can Slash Student Loan Payments Up To $413---Are You Eligible? http:// ow.ly/10ztZe"
TweetsData/MoneyUnder30.csv;2016-04-08 22:50;1;4;"The 8 Daily Rituals Most Millionaires Share http://www. moneyunder30.com/millionaires-d aily-rituals?utm_source=twitter.com&utm_medium=tweet&utm_campaign=twitter …"
TweetsData/MoneyUnder30.csv;2016-04-06 23:08;0;0;"How To Apply For A Credit Card (And Approval Requirements) http://www. moneyunder30.com/how-to-apply-f or-a-credit-card?utm_source=twitter.com&utm_medium=tweet&utm_campaign=twitter …"
TweetsData/MoneyUnder30.csv;2016-04-02 02:14;0;0;"How To Profit As A Thrift Store Reseller http://www. moneyunder30.com/how-to-profit- as-a-thrift-shop-reseller?utm_source=twitter.com&utm_medium=tweet&utm_campaign=twitter …"
TweetsData/MoneyUnder30.csv;2016-03-23 02:13;0;0;"What Should You Expect To Pay For Car Insurance? http://www. moneyunder30.com/what-should-i- expect-to-pay-for-car-insurance?utm_source=twitter.com&utm_medium=tweet&utm_campaign=twitter …"
TweetsData/MoneyUnder30.csv;2016-03-21 22:11;2;1;"How Long Will Late Payments Stay On Your Credit Report? http://www. moneyunder30.com/late-payments- credit-report?utm_source=twitter.com&utm_medium=tweet&utm_campaign=twitterH …"
TweetsData/MoneyUnder30.csv;2016-03-17 01:28;0;2;"Is It Better To Receive Money As A Cash Gift Or An Inheritance? Dave answers in our latest Q&A. http://www. moneyunder30.com/cash-gift-or-i nheritance?utm_source=twitter.com&utm_medium=tweet&utm_campaign=twitter …"
TweetsData/MoneyUnder30.csv;2016-03-11 02:02;0;1;"Should you cut the cord and go cable-free? What you need to know: http://www. moneyunder30.com/streaming-vs-c able?utm_source=twitter.com&utm_medium=tweet&utm_campaign=twitter …"
TweetsData/MoneyUnder30.csv;2016-03-10 04:17;0;1;"When (If Ever) You Should Cancel A Credit Card http://www. moneyunder30.com/when-cancel-a- credit-card?utm_source=twitter.com&utm_medium=tweet&utm_campaign=twitter …"
TweetsData/MoneyUnder30.csv;2016-03-02 04:17;2;4;"Do any of you all teach your kids about entrepreneurship/business?"
TweetsData/MoneyUnder30.csv;2016-03-02 04:16;1;3;"Really loved this story in @nytimes about the 10-year-old lemonade stand entrepreneur. http://www. nytimes.com/2016/02/28/bus iness/young-entrepreneurs-sweeten-the-lemonade-stand-model.html?utm_source=pocket&utm_medium=email&utm_campaign=pockethits …"
TweetsData/MoneyUnder30.csv;2016-03-02 03:23;1;2;"Why Stock Market Volatility May Be Good For You http://www. moneyunder30.com/upside-of-stoc k-market-volatility?utm_source=twitter.com&utm_medium=tweet&utm_campaign=twitter …"
TweetsData/MoneyUnder30.csv;2016-03-01 05:06;1;6;"How To Get A Great Price On A Car (And Spend Only 30 Minutes At The Dealer) http://www. moneyunder30.com/best-price-new -car?utm_source=twitter.com&utm_medium=tweet&utm_campaign=twitter …"
TweetsData/MoneyUnder30.csv;2016-02-27 04:41;1;1;"Maximize Your (Tax-Free) Retirement Savings With A Health Savings Account http://www. moneyunder30.com/health-savings -account-for-retirement?utm_source=twitter.com&utm_medium=tweet&utm_campaign=twitter …"
TweetsData/MoneyUnder30.csv;2016-02-26 02:05;6;5;"It’s America Saves Week! Look what happens when you up your savings by just 1 percent each year. pic.twitter.com/ncTyr154oh"
TweetsData/MoneyUnder30.csv;2016-02-25 00:15;1;1;"Dave’s up at @mental_floss today writing about how you can start investing in 15 minutes. Check it out! http:// mentalfloss.com/article/75866/ got-15-minutes-how-you-can-start-investing-today …"
TweetsData/MoneyUnder30.csv;2016-02-19 04:42;1;1;"@AndrewEricson2 Thanks, Andrew!"
TweetsData/MoneyUnder30.csv;2016-02-18 21:19;2;2;"Tax Prep on Your Phone? Mobile Tax Apps Are Here http://www. moneyunder30.com/mobile-tax-app s?utm_source=twitter.com&utm_medium=tweet&utm_campaign=twitter …"
TweetsData/MoneyUnder30.csv;2016-02-18 03:56;3;4;"How To Live In The Big City Without Going Broke http://www. moneyunder30.com/how-to-afford- living-in-nyc-la-dc?utm_source=twitter.com&utm_medium=tweet&utm_campaign=twitter …"
TweetsData/MoneyUnder30.csv;2016-02-18 01:30;2;1;"Why A “Free” Physical May End Up Costing You: The Infuriating Practice of Double Billing http://www. moneyunder30.com/double-billing -doctors?utm_source=twitter.com&utm_medium=tweet&utm_campaign=twitter …"
TweetsData/MoneyUnder30.csv;2016-02-17 01:02;1;2;"@official_sema we have a whole page about it!: http://www. moneyunder30.com/free-credit-re port-score …"
TweetsData/MoneyUnder30.csv;2016-02-10 22:12;2;4;"To Be Truly Secure, You’re Gonna Need $2 Million To Retire http://www. moneyunder30.com/2-million-to-r etire?utm_source=twitter.com&utm_medium=tweet&utm_campaign=twitter …"
TweetsData/MoneyUnder30.csv;2016-02-05 04:32;2;4;"The 20 Best ETFs You Can Buy Commission-Free http://www. moneyunder30.com/best-commissio n-free-etfs?utm_source=twitter.com&utm_medium=tweet&utm_campaign=twitter …"
TweetsData/MoneyUnder30.csv;2016-02-04 00:03;3;4;"Could You Be Saving Too Much For Retirement? http://www. moneyunder30.com/saving-too-muc h-for-retirement?utm_source=twitter.com&utm_medium=tweet&utm_campaign=twitter …"
TweetsData/MoneyUnder30.csv;2016-02-02 23:14;2;3;"It’s Groundhog day. Are you still paying for Christmas? Here are 6 ways to kick that holiday debt hangover: http://www. moneyunder30.com/pay-off-credit -card-debt-fast?utm_source=twitter.com&utm_medium=tweet&utm_campaign=twitter …"
TweetsData/MoneyUnder30.csv;2016-02-02 02:30;2;5;"Monthly subscriptions draining dollars from your bank account? Use Trim or Truebill to cut out what you don’t need. http://www. moneyunder30.com/trim-vs-truebi ll?utm_source=twitter.com&utm_medium=tweet&utm_campaign=twitter …"
TweetsData/MoneyUnder30.csv;2016-01-30 00:22;1;3;"Got a personal finance question? Hit up our ask box: http://www. moneyunder30.com/#ask"
TweetsData/MoneyUnder30.csv;2016-01-26 21:28;3;4;"An oldie but a goodie from our archives: How Much House Can You Afford? http://www. moneyunder30.com/how-much-house -can-you-afford?utm_source=twitter.com&utm_medium=tweet&utm_campaign=twitter …"
TweetsData/MoneyUnder30.csv;2016-01-25 23:30;0;0;"Affirm provides an easy, simple way to finance big purchases. Is it right for you? http://www. moneyunder30.com/affirm-review? utm_source=twitter.com&utm_medium=tweet&utm_campaign=twitter …"
TweetsData/MoneyUnder30.csv;2016-01-22 01:36;0;1;"Wealth front Review: Get Up To $10,000 Automatically Managed For Free http://www. moneyunder30.com/wealthfront-re view-automated-investing-thats-free-up-to-10000?utm_source=twitter.com&utm_medium=tweet&utm_campaign=twitter …"
TweetsData/MoneyUnder30.csv;2016-01-20 23:56;0;1;"The Pros and Cons of Paying Your Mortgage Off Early http://www. moneyunder30.com/should-you-pay -off-your-mortgage-early?utm_source=twitter.com&utm_medium=tweet&utm_campaign=twitter …"
TweetsData/MoneyUnder30.csv;2016-01-20 02:40;1;4;"Interesting @nytimes pieces on the #fintech movement! http://www. nytimes.com/2016/01/19/tec hnology/upstarts-are-leading-the-fintech-movement-and-banks-take-heed.html?ribbon-ad-idx=3&rref=business&module=Ribbon&version=context&region=Header&action=click&contentCollection=Business%20Day&pgtype=article …"
TweetsData/MoneyUnder30.csv;2016-01-19 22:41;2;1;"Get The Skinny On All Your Different FICO Scores (And The Lenders Who Use Them) http://www. moneyunder30.com/different-fico -scores?utm_source=twitter.com&utm_medium=tweet&utm_campaign=twitter …"
